-- MySQL dump 10.13  Distrib 8.0.19, for Win64 (x86_64)
--
-- Host: localhost    Database: graduate_help
-- ------------------------------------------------------
-- Server version	8.0.19

/*!40101 SET @OLD_CHARACTER_SET_CLIENT=@@CHARACTER_SET_CLIENT */;
/*!40101 SET @OLD_CHARACTER_SET_RESULTS=@@CHARACTER_SET_RESULTS */;
/*!40101 SET @OLD_COLLATION_CONNECTION=@@COLLATION_CONNECTION */;
/*!50503 SET NAMES utf8mb4 */;
/*!40103 SET @OLD_TIME_ZONE=@@TIME_ZONE */;
/*!40103 SET TIME_ZONE='+00:00' */;
/*!40014 SET @OLD_UNIQUE_CHECKS=@@UNIQUE_CHECKS, UNIQUE_CHECKS=0 */;
/*!40014 SET @OLD_FOREIGN_KEY_CHECKS=@@FOREIGN_KEY_CHECKS, FOREIGN_KEY_CHECKS=0 */;
/*!40101 SET @OLD_SQL_MODE=@@SQL_MODE, SQL_MODE='NO_AUTO_VALUE_ON_ZERO' */;
/*!40111 SET @OLD_SQL_NOTES=@@SQL_NOTES, SQL_NOTES=0 */;

--
-- Table structure for table `all_lecture`
--

DROP TABLE IF EXISTS `all_lecture`;
/*!40101 SET @saved_cs_client     = @@character_set_client */;
/*!50503 SET character_set_client = utf8mb4 */;
CREATE TABLE `all_lecture` (
  `subject_num` int NOT NULL,
  `subject_name` varchar(70) NOT NULL,
  `classification` varchar(45) NOT NULL,
  `selection` varchar(45) DEFAULT NULL,
  `grade` int NOT NULL,
  PRIMARY KEY (`subject_num`)
) ENGINE=InnoDB DEFAULT CHARSET=utf8mb4 COLLATE=utf8mb4_0900_ai_ci;
/*!40101 SET character_set_client = @saved_cs_client */;

--
-- Dumping data for table `all_lecture`
--

LOCK TABLES `all_lecture` WRITE;
/*!40000 ALTER TABLE `all_lecture` DISABLE KEYS */;
INSERT INTO `all_lecture` VALUES (19,'전공인턴십7','전공선택','',6),(78,'거시경제학','전공필수','',3),(107,'경영수학','학문기초교양','생명과 과학',3),(133,'경영학개론','교양선택(2영역)','사회와제도',3),(137,'경영학원론','전공필수','',3),(152,'경제발전론','전공선택','',3),(163,'경제원론1','전공필수','',3),(172,'경제원론2','전공필수','',3),(182,'경제통계','전공필수','',3),(183,'경제통합론','전공선택','',3),(188,'경제학개론','자유선택교양','사회와제도',3),(193,'경제학설사','전공선택','',3),(194,'경제학세미나','전공선택','',3),(200,'경제학원론','전공필수','',3),(209,'계량경제학','전공필수','',3),(257,'고급회계','전공선택','',3),(263,'고등교육론','전공선택','',3),(264,'고분자화학','전공선택','',3),(283,'고체물리학1','전공선택','',3),(284,'고체물리학2','전공선택','',3),(285,'골프','교양선택(2영역)','예술과생활',1),(288,'공기업론','전공선택','',3),(304,'공업수학1','학문기초교양','생명과 과학',3),(307,'공업수학2','학문기초교양','생명과 과학',3),(309,'관광경영론','전공필수','',3),(313,'관광경영세미나','전공선택','',3),(331,'관광법규','전공선택','',3),(362,'관광자원론','전공선택','',3),(381,'관광학개론','자유선택교양','사회와제도',3),(388,'관광행동론','전공선택','',3),(392,'관료제도론','전공선택','',3),(395,'관리경제학','전공선택','',3),(398,'관리회계','전공필수','',3),(451,'교수학습이론','전공선택','',3),(464,'교육과정','교직','',2),(476,'교육방법및교육공학','교직','',2),(486,'교육사회','교직','',2),(488,'교육사회학','전공선택','',3),(496,'교육심리','교직','',2),(512,'교육철학및교육사','교직','',2),(520,'교육평가','교직','',2),(525,'교육학개론','교직','',2),(534,'교육행정및교육경영','교직','',2),(588,'국어문법론','전공필수','',3),(590,'국어사','전공선택','',3),(596,'국어의미론','전공선택','',3),(607,'국어학개론','전공선택','',3),(619,'국제경영론','전공선택','',3),(649,'국제금융론','전공선택','',3),(659,'국제무역론','전공선택','',3),(686,'국제행정론','전공선택','',3),(703,'그래픽디자인1','전공선택','',3),(706,'그래픽디자인2','전공선택','',3),(718,'기계체조','전공필수','',1),(773,'기초서양화1','전공필수','',3),(776,'기초서양화2','전공필수','',3),(782,'기초시각디자인1','전공필수','',3),(785,'기초시각디자인2','전공필수','',3),(806,'기초한국화1','전공필수','',2),(808,'기초한국화2','전공필수','',2),(822,'기획론','전공선택','',3),(830,'노동경제학','전공선택','',3),(834,'노사관계론','전공선택','',3),(853,'농구','전공선택','',1),(870,'다변량통계분석','전공선택','',3),(912,'도수체조','전공필수','',1),(922,'도시행정론','전공선택','',3),(929,'독어','교양선택(2영역)','지구촌의이해',3),(965,'동양무용사','전공선택','',2),(967,'동양미술사','전공선택','',3),(1030,'디자인사','전공필수','',2),(1045,'딕션1','전공선택','',2),(1046,'딕션2','전공선택','',2),(1050,'레크레이션','전공선택','',2),(1082,'마이크로컴퓨터','전공선택','',3),(1092,'마케팅조사','전공선택','',3),(1106,'무관후보생교육1','무관후보생교육','',2),(1108,'무관후보생교육2','무관후보생교육','',2),(1110,'무관후보생교육3','무관후보생교육','',2),(1112,'무관후보생교육4','무관후보생교육','',2),(1114,'무기화학','전공필수','',3),(1134,'무역실무','전공선택','',3),(1206,'무용미학','전공선택','',2),(1211,'무용비평','전공선택','',2),(1242,'문학개론','중핵필수선택','사상과역사',3),(1281,'물리화학1','전공선택','',3),(1283,'물리화학2','전공필수','',3),(1288,'물리화학실험','전공선택','',3),(1330,'미술비평','전공선택','',2),(1342,'미시경제학','전공필수','',3),(1366,'미학','자유선택교양','예술과생활',3),(1369,'미학개론','전공선택','',3),(1397,'발달심리학','전공선택','',3),(1417,'배구','전공선택','',1),(1423,'배드민턴','전공선택','',1),(1430,'법학개론','자유선택교양','사회와제도',3),(1445,'복소수해석학1','전공선택','',3),(1460,'복지행정론','전공선택','',3),(1468,'분석화학','전공선택','',3),(1476,'분석화학실험','전공선택','',3),(1499,'비교체육학','전공선택','',3),(1503,'비모수통계학','전공선택','',3),(1552,'산업조직론','전공선택','',3),(1606,'생화학2및실험','전공필수','',3),(1607,'생화학실험','전공선택','',3),(1615,'생활속의화학','전공선택','',3),(1629,'서.종합실기1','전공필수','',3),(1631,'서.종합실기2','전공필수','',3),(1634,'서.종합실기3','전공선택','',2),(1636,'서.종합실기4','전공선택','',2),(1643,'서.현대회화','전공선택','',2),(1646,'서양고대사','전공선택','',3),(1681,'서양음악사1','전공선택','',3),(1683,'서양음악사2','전공선택','',3),(1690,'서양중세사','전공선택','',3),(1715,'서예','전공선택','',2),(1725,'선형대수','전공필수','',3),(1727,'선형대수학','전공선택','',3),(1728,'선형대수학2','전공필수','',3),(1738,'성악문헌1','전공선택','',3),(1740,'성악문헌2','전공선택','',3),(1753,'세무회계','전공선택','',3),(1766,'소비자행동론','전공선택','',3),(1769,'소프트웨어공학','전공선택','',3),(1776,'수리물리1','전공선택','',3),(1778,'수리물리2','전공선택','',3),(1784,'수리통계학1','전공선택','',3),(1786,'수리통계학2','전공선택','',3),(1798,'수묵화','전공선택','',2),(1804,'수영','전공필수','',1),(1823,'수치해석','전공선택','',3),(1830,'스키','전공필수','',1),(1836,'스포츠영양학','전공선택','',3),(1844,'스포츠특강1','전공선택','',2),(1847,'스포츠특강2','전공선택','',2),(1878,'시스템프로그래밍','전공선택','',3),(1924,'식품미생물학및실험','전공선택','',3),(1935,'식품위생학','전공선택','',3),(1943,'식품저장학','전공선택','',3),(1944,'식품첨가물학','전공선택','',3),(1945,'식품포장학','전공선택','',3),(1946,'식품품질관리','전공선택','',3),(1948,'식품학','전공필수','',3),(1957,'식품화학1','전공필수','',3),(1993,'심리학의이해','중핵필수선택','사상과역사',3),(2000,'안무법','전공선택','',2),(2010,'알고리즘','전공필수','',3),(2029,'야영','전공필수','',1),(2035,'양자역학1','전공필수','',3),(2037,'양자역학2','전공선택','',3),(2066,'에어로빅','자유선택교양','예술과생활',1),(2074,'여성학','자유선택교양','사회와제도',3),(2077,'여행사경영론','전공선택','',3),(2084,'역사와우리민족','전공선택','',3),(2095,'역학1','전공필수','',3),(2098,'역학2','전공선택','',3),(2110,'연주6','전공필수','',2),(2111,'연주2','전공필수','',2),(2112,'연주3','전공필수','',2),(2113,'연주4','전공필수','',2),(2116,'열물리학','전공선택','',3),(2117,'열및통계물리학1','전공필수','',3),(2161,'영미단편소설','전공선택','',3),(2188,'영양학개론','자유선택교양','생명과자연',3),(2189,'영양화학','전공선택','',3),(2238,'영어통사론','전공필수','',3),(2328,'운동기능학','전공선택','',3),(2329,'운동생리학','전공필수','',3),(2331,'운동처방','전공선택','',3),(2340,'원가회계','전공선택','',3),(2347,'위상수학1','전공선택','',3),(2350,'위상수학2','전공선택','',3),(2351,'유기화학','전공필수','',3),(2354,'유기화학1','전공선택','',3),(2358,'유기화학2','전공필수','',3),(2365,'유기화학실험','전공선택','',3),(2390,'유화1','전공필수','',3),(2392,'유화2','전공필수','',3),(2398,'유화기법1','전공선택','',2),(2401,'유화기법2','전공선택','',2),(2432,'음악분석','전공선택','',3),(2455,'음악사1','전공선택','',3),(2456,'음악사2','전공선택','',3),(2477,'응용확률론','전공선택','',3),(2493,'이산수학','전공선택','',3),(2505,'인공지능','전공선택','',3),(2527,'인사행정론','전공필수','',3),(2552,'인체해부학','전공필수','',3),(2638,'일반물리학1','학문기초교양','생명과 과학',3),(2641,'일반물리학2','전공기초교양','생명과자연',3),(2647,'일반물리학및실험1','학문기초교양','생명과 과학',3),(2649,'일반물리학및실험2','학문기초교양','생명과 과학',3),(2657,'일반생물학','학문기초교양','생명과 과학',3),(2703,'일반화학','학문기초교양','생명과 과학',3),(2719,'일반화학및실험1','학문기초교양','생명과 과학',3),(2723,'일반화학및실험2','학문기초교양','생명과 과학',3),(2732,'일본문화','전공선택','',3),(2833,'입자물리학','전공선택','',3),(2869,'재무관리','전공필수','',3),(2873,'재무행정론','전공필수','',3),(2894,'전공실기1','전공필수','',1),(2900,'전공실기2','전공필수','',1),(2902,'전공실기3','전공필수','',1),(2905,'전공실기4','전공필수','',1),(2907,'전공실기5','전공필수','',1),(2909,'전공실기6','전공필수','',1),(2911,'전공실기7','전공필수','',1),(2913,'전공실기8','전공필수','',1),(2982,'정량분석화학','전공선택','',3),(2998,'정수론','전공선택','',3),(3000,'정책론','전공필수','',3),(3038,'조리학','전공선택','',3),(3057,'조직론','전공필수','',3),(3061,'조직행동론','전공필수','',3),(3064,'조합론','전공선택','',3),(3093,'주류학','전공선택','',3),(3129,'지구과학개론','교양선택(2영역)','생명과자연',3),(3146,'지리학개론','자유선택교양','생명과자연',3),(3147,'지방행정론','전공선택','',3),(3155,'지휘법','전공선택','',2),(3169,'채색화','전공선택','',2),(3182,'천체물리학','전공선택','',3),(3196,'체력육성','전공선택','',1),(3201,'체육관리학','전공선택','',3),(3206,'체육사','전공선택','',3),(3213,'체육사회학','전공필수','',3),(3218,'체육심리학','전공필수','',3),(3220,'체육원리','전공필수','',3),(3224,'체육측정평가','전공선택','',3),(3226,'체육학연구법','전공필수','',3),(3272,'컴파일러','전공선택','',3),(3276,'컴퓨터구조론','전공선택','',3),(3278,'컴퓨터구조','전공선택','',3),(3279,'컴퓨터그래픽','전공선택','',3),(3281,'컴퓨터그래픽스','전공선택','',3),(3284,'컴퓨터네트워크','전공필수','',3),(3307,'클래스피아노1','전공선택','',3),(3310,'클래스피아노2','전공선택','',3),(3313,'타이포그래피','전공필수','',2),(3320,'태권도','전공선택','',1),(3335,'통계물리학','전공선택','',3),(3339,'통계자료분석','전공선택','',3),(3349,'통계학1','전공선택','',3),(3352,'통계학2','전공선택','',3),(3353,'통계학개론','학문기초교양','생명과 과학',3),(3359,'투자론','전공선택','',3),(3363,'트레이닝방법론','전공필수','',3),(3370,'특수체육','전공선택','',3),(3384,'판화2','전공선택','',2),(3402,'평생교육론','전공선택','',3),(3421,'표본조사론','전공선택','',3),(3430,'프로그래밍','전공필수','',3),(3444,'프로그래밍실습','전공선택','',3),(3464,'피아노문헌1','전공선택','',3),(3467,'피아노문헌2','전공선택','',3),(3469,'피아노문헌3','전공선택','',3),(3486,'학교보건','전공선택','',3),(3492,'학습심리학','전공선택','',3),(3498,'한국경제론','전공선택','',3),(3507,'한국고대사','전공필수','',3),(3518,'한국근세사','전공필수','',3),(3529,'한국무역론','전공선택','',3),(3561,'한국미술사','전공선택','',3),(3590,'한국사학사','전공선택','',3),(3593,'한국사회경제사','전공선택','',3),(3608,'한국중세사','전공선택','',3),(3623,'한국행정론','전공선택','',3),(3647,'합창1','전공선택','',2),(3655,'합창2','전공선택','',1),(3661,'합창4','전공선택','',1),(3666,'합창6','전공선택','',1),(3677,'항성천문학','전공필수','',3),(3698,'행정관리론','전공선택','',3),(3703,'행정법','전공선택','',3),(3706,'행정법1','전공필수','',3),(3709,'행정법2','전공선택','',3),(3721,'행정학연습','전공선택','',3),(3725,'행정학원론','전공필수','',3),(3731,'헌법','자유선택교양','사회와제도',3),(3736,'헌법학원론','전공선택','',3),(3740,'현대교육사상','전공선택','',3),(3768,'현대무용기본1','전공필수','',2),(3770,'현대무용기본2','전공필수','',2),(3790,'현대물리','전공선택','',3),(3810,'현대미술론','전공선택','',2),(3855,'호텔경영론','전공필수','',3),(3866,'호텔관광관리회계','전공선택','',3),(3875,'호텔관광재무회계','전공선택','',3),(3971,'확률론','전공선택','',3),(3989,'환경화학','전공필수','',3),(3993,'회계감사','전공선택','',3),(3998,'회계원리','전공필수','',3),(4008,'회계원리1','전공필수','',3),(4010,'회계원리2','전공선택','',3),(4022,'회계학개론','자유선택교양','사회와제도',3),(4027,'회귀분석','전공필수','',3),(4060,'재정학','전공선택','',3),(4069,'경영학원론','전공필수','',3),(4074,'호텔관광재무관리','전공선택','',3),(4076,'마케팅관리','전공필수','',3),(4081,'전산통계실습','전공필수','',3),(4102,'수치해석','전공선택','',3),(4107,'식품화학2및실험','전공선택','',3),(4111,'물리전자공학','전공필수','',3),(4114,'전기회로','전공필수','',3),(4118,'디지털시스템','전공필수','',3),(4120,'기초소묘','전공선택','',2),(4127,'한국화1','전공필수','',3),(4129,'한.현대회화','전공선택','',2),(4134,'연주1','전공필수','',2),(4135,'합창3','전공선택','',2),(4137,'합창5','전공선택','',2),(4139,'연주5','전공필수','',2),(4208,'인간커뮤니케이션','전공필수','',3),(4218,'경영정보론','전공필수','',3),(4264,'서양영화사','전공필수','',3),(4268,'데이터구조론','전공선택','',3),(4272,'물리전자공학','전공선택','',3),(4274,'구조역학1','전공필수','',3),(4275,'서양건축사','전공필수','',3),(4280,'응용역학및연습1','전공필수','',3),(4281,'유기화학','전공선택','',3),(4282,'생화학1','전공선택','',3),(4283,'일반미생물학및실험','전공선택','',3),(4297,'호텔관광경영세미나','전공선택','',3),(4299,'현대대수학1','전공필수','',3),(4300,'고등미적분학2','전공기초교양','생명과자연',3),(4302,'수리통계학1','전공선택','',3),(4304,'응용광학','전공선택','',3),(4306,'공업화학','전공선택','',3),(4308,'극미량분석','전공선택','',3),(4309,'유기합성','전공선택','',3),(4310,'운영체제','전공필수','',3),(4311,'수리통계학2','전공필수','',3),(4321,'구조역학2','전공필수','',3),(4325,'공업역학','전공필수','',3),(4326,'응용역학및연습2','전공필수','',3),(4330,'한국화2','전공필수','',3),(4335,'실험계획법','전공선택','',3),(4337,'코우치학','전공선택','',3),(4431,'건축일반구조','전공선택','',3),(4434,'건축재료','전공선택','',3),(4439,'한국고대의사회와문화','전공필수','',3),(4441,'동양문명의기원','전공선택','',3),(4442,'조선시대의생활사','전공선택','',3),(4443,'서양근대사회와시민혁명','전공필수','',3),(4444,'근세의동아시아','전공선택','',3),(4445,'인류의선사문화','전공선택','',3),(4446,'역사철학강의','전공선택','',3),(4447,'쟁점한국사1','전공선택','',3),(4452,'철근콘크리트공학및실험1','전공필수','',3),(4453,'상수및정수처리공학','전공선택','',3),(4459,'판화1','전공선택','',2),(4460,'무기화학실험','전공선택','',3),(4461,'기기분석화학','전공선택','',3),(4462,'생화학','전공필수','',3),(4468,'패션일러스트레이션','전공선택','',3),(4469,'조리원리','전공필수','',3),(4474,'통신이론','전공필수','',3),(4475,'자동제어','전공선택','',3),(4476,'전자회로','전공선택','',3),(4489,'한국의전통과문화','교양선택(2영역)','역사와문화',3),(4490,'인간과문화','자유선택교양','역사와문화',3),(4491,'한국어의이해','전공선택','',3),(4495,'발레테크닉1','전공필수','',1),(4497,'워크샵1','전공필수','',1),(4503,'열및통계물리학2','전공선택','',3),(4508,'디지털시스템및실험','전공필수','',3),(4510,'고체역학','전공필수','',3),(4513,'이상유체역학','전공필수','',3),(4522,'작품분석','전공필수','',2),(4540,'실용한문','자유선택교양','역사와문화',3),(4543,'생활과경제','교양선택(2영역)','사회와제도',3),(4546,'패션디자인의이해','교양선택(2영역)','예술과생활',3),(4547,'식생활과건강','교양선택(2영역)','생명과 과학',3),(4558,'채플1','교양선택(1영역)','사상과역사',1),(4559,'한국문학의이해','전공선택','',3),(4564,'한국현대소설론','전공선택','',3),(4570,'역사학이란무엇인가','전공필수','',3),(4572,'고려시대의사회와문화','전공선택','',3),(4573,'근대한국사회와제국주의','전공필수','',3),(4574,'동아시아의근대화','전공선택','',3),(4575,'산업혁명과제국주의','전공선택','',3),(4576,'쟁점한국사2','전공선택','',3),(4579,'인지심리학','전공선택','',3),(4581,'창업과사업성검토','전공필수','',3),(4584,'회귀진단','전공선택','',3),(4585,'수학사','전공선택','',3),(4587,'고체화학','전공선택','',3),(4588,'생유기화학','전공선택','',3),(4596,'반도체공학','전공선택','',3),(4597,'회로망이론','전공선택','',3),(4599,'통신시스템','전공선택','',3),(4600,'디지털신호처리','전공필수','',3),(4607,'동양건축사','전공필수','',3),(4608,'건축법규','전공선택','',3),(4610,'수문학','전공선택','',3),(4612,'토질역학및실험2','전공선택','',3),(4613,'철근콘크리트공학및실험2','전공선택','',3),(4614,'하수및폐수처리공학','전공선택','',3),(4620,'발레테크닉2','전공필수','',1),(4622,'워크샵2','전공필수','',1),(4626,'미래사회와사회변동','중핵필수선택','사회와문화',3),(4627,'채플2','교양선택(1영역)','사상과역사',1),(4630,'정보사회와정보이용','교양선택(1영역)','사회와문화',3),(4632,'여가.레크레이션론','자유선택교양','사회와제도',3),(4635,'음식문화사','교양선택(2영역)','생명과 과학',3),(4642,'동역학','전공필수','',3),(4652,'연출론','전공필수','',2),(4657,'중급연기2','전공필수','',3),(4659,'커뮤니케이션조사방법론','전공필수','',3),(4661,'취재보도론','전공선택','',3),(4662,'시나리오작법1','전공선택','',3),(4668,'사회복지학개론','자유선택교양','사회와제도',3),(4674,'환경공학및실험','전공필수','',3),(4677,'사회정책','전공선택','',3),(4681,'전기자기장','전공필수','',3),(4684,'영상통신','전공선택','',3),(4685,'전자공학특강1','전공선택','',3),(4698,'유선통신공학','전공선택','',3),(4699,'데이터통신','전공필수','',3),(4703,'건설경영','전공필수','',3),(4704,'철골구조','전공선택','',3),(4706,'건축설비','전공필수','',3),(4707,'기초공학','전공선택','',3),(4708,'교량공학','전공선택','',3),(4709,'수자원공학','전공선택','',3),(4710,'해안및항만공학','전공선택','',3),(4711,'PS콘크리트공학','전공선택','',3),(4714,'열역학','전공선택','',3),(4715,'진동학','전공선택','',3),(4725,'다큐영화제작','전공필수','',2),(4731,'시나리오작법2','전공선택','',3),(4732,'영화제작WS3','전공선택','',2),(4736,'발레테크닉3','전공필수','',1),(4738,'워크샵3','전공필수','',1),(4744,'모델드로잉','전공필수','',3),(4747,'한.종합실기1','전공필수','',3),(4748,'한.종합실기3','전공선택','',2),(4756,'압축성유체역학','전공선택','',3),(4762,'증권투자의이해','자유선택교양','사회와제도',3),(4763,'과학사','교양선택(1영역)','자연과과학기술',3),(4777,'채플3','교양선택(1영역)','사상과역사',1),(4794,'채플4','교양선택(1영역)','사상과역사',1),(4796,'과학철학','중핵필수선택','자연과과학기술',3),(4797,'생명과자연','자유선택교양','생명과자연',3),(4798,'세계경제의이해','교양선택(1영역)','사회와문화',3),(4806,'일본어작문1','전공선택','',3),(4807,'기독교와봉건제사회','전공선택','',3),(4811,'환경정책','전공선택','',3),(4812,'회사법','전공필수','',3),(4828,'패션포트폴리오','전공선택','',3),(4829,'광전자공학','전공필수','',3),(4830,'디지털제어','전공선택','',3),(4832,'전자공학특강2','전공선택','',3),(4849,'컴퓨터구조해석','전공선택','',3),(4852,'측량학','전공선택','',3),(4855,'토목시공학','전공선택','',3),(4862,'열전달','전공선택','',3),(4864,'메카트로닉스','전공선택','',3),(4868,'추진체공학','전공선택','',3),(4872,'영화미술','전공선택','',3),(4876,'한.종합실기2','전공필수','',3),(4877,'한.종합실기4','전공선택','',2),(4879,'발상과표현','전공필수','',3),(4880,'발레테크닉4','전공필수','',1),(4882,'워크샵4','전공필수','',1),(4894,'즉흥','전공선택','',2),(4895,'현대무용사','전공선택','',2),(4896,'레파토리','전공선택','',2),(4898,'내진설계','전공선택','',3),(4921,'미생물의세계','교양선택(2영역)','생명과자연',3),(4928,'공중보건학','전공필수','',3),(5068,'일본의무대예술','전공필수','',3),(5071,'교육철학의이해','전공필수','',3),(5072,'교육행정의이론과실제','전공필수','',3),(5090,'특수의상디자인','전공필수','',3),(5093,'테일러링','전공선택','',3),(5100,'식물학','전공선택','',3),(5103,'유전학','전공선택','',3),(5105,'컴퓨터드로잉1','전공선택','',2),(5106,'생명의미시적세계','교양선택(2영역)','생명과 과학',3),(5119,'만화기초1','전공필수','',3),(5130,'JAVA프로그래밍','전공선택','',3),(5134,'컴퓨터응용설계','전공선택','',3),(5143,'분자생물학2','전공필수','',3),(5145,'천연물화학','전공선택','',3),(5155,'경영통계학','전공필수','',3),(5160,'한국사상과교육','전공선택','',3),(5169,'동아시아국제관계론','전공선택','',3),(5173,'생명의거시적세계','자유선택교양','생명과 과학',3),(5192,'생활속의마케팅이해','교양선택(2영역)','사회와제도',3),(5194,'생물리화학','전공선택','',3),(5203,'고급패턴제작','전공선택','',3),(5211,'생물화학공학','전공필수','',3),(5212,'세포생물학1','전공필수','',3),(5213,'기기분석학','전공선택','',3),(5217,'재료열역학1','전공필수','',3),(5222,'도로공학','전공선택','',3),(5223,'환경수리학','전공선택','',3),(5232,'기초유한요소법','전공선택','',3),(5233,'유체기계','전공선택','',3),(5234,'내연기관','전공선택','',3),(5239,'전산구조해석','전공선택','',3),(5243,'인공위성응용','전공선택','',3),(5246,'신호및시스템','전공선택','',3),(5247,'컴퓨터드로잉2','전공선택','',2),(5251,'라이프드로잉2','전공필수','',3),(5253,'만화기초2','전공필수','',3),(5263,'창작패션일러스트레이션','전공선택','',3),(5267,'발레레파토리2','전공필수','',1),(5269,'고급현대무용2','전공필수','',1),(5279,'와인과소몰리에론','전공선택','',3),(5282,'카지노산업론','전공선택','',3),(5285,'교육공학의이론과실제','전공필수','',3),(5329,'국어교육론','전공필수','',3),(5399,'현대물리학','전공선택','',3),(5458,'생화학및실험','전공필수','',3),(5530,'러시아어','자유선택교양','지구촌의이해',3),(5532,'생명질서와자연보호','교양선택(2영역)','생명과 과학',3),(5537,'지구탐사','교양선택(2영역)','생명과 과학',3),(5541,'식물의세계','교양선택(2영역)','생명과 과학',3),(5561,'패션산업개론','자유선택교양','예술과생활',3),(5562,'패션코디네이션','전공선택','',3),(5565,'스쿼시','교양선택(2영역)','예술과생활',1),(5566,'무용과생활','자유선택교양','예술과생활',3),(5572,'일문학입문','전공선택','',3),(5589,'선물옵션이론','전공선택','',3),(5593,'프랜차이즈경영론','전공선택','',3),(5596,'식품위생관리','전공선택','',3),(5597,'미분방정식','전공선택','',3),(5599,'현대대수학2','전공필수','',3),(5601,'측지학','전공선택','',3),(5607,'식물발달생물학','전공선택','',3),(5608,'동물분자생리학및실험','전공선택','',3),(5610,'급식경영','전공선택','',3),(5611,'디지털논리회로','전공선택','',3),(5617,'Unix프로그래밍','전공선택','',3),(5618,'네트워크프로그래밍','전공선택','',3),(5619,'멀티미디어프로그래밍','전공선택','',3),(5622,'대사생화학','전공선택','',3),(5623,'분자유전학','전공선택','',3),(5624,'사진과회화','전공선택','',1),(5627,'영화개론','전공필수','',3),(5633,'드라마작법1','전공선택','',3),(5636,'멀티미디어','전공선택','',3),(5641,'유체역학','전공필수','',3),(5643,'생명의약학','전공선택','',3),(5648,'재료열역학2','전공선택','',3),(5650,'고체물리','전공필수','',3),(5656,'발레레파토리1','전공필수','',1),(5657,'발레레파토리3','전공필수','',1),(5660,'고급현대무용1','전공필수','',1),(5661,'고급현대무용3','전공필수','',1),(5662,'아이덴티티디자인1','전공선택','',3),(5666,'텍스타일디자인','전공필수','',3),(5668,'창작의상디자인','전공선택','',3),(5681,'기초회화1','전공필수','',2),(5698,'패션코디네이션기초','교양선택(2영역)','예술과생활',3),(5764,'졸업작품(P/NP)','전공필수','',0),(5765,'졸업시험(P/NP)','전공필수','',0),(5815,'기술과경영','자유선택교양','사회와제도',3),(5820,'암과예방','자유선택교양','생명과 과학',3),(5822,'서양미술의이해','자유선택교양','예술과생활',3),(5824,'패션과문화','교양선택(2영역)','예술과생활',3),(5825,'스포츠댄스','자유선택교양','예술과생활',1),(5828,'애니메이션의이해','자유선택교양','예술과생활',3),(5829,'드라마의이해','자유선택교양','예술과생활',3),(5831,'교양민법','자유선택교양','사회와제도',3),(5833,'무용과영상','자유선택교양','예술과생활',3),(5840,'영어속의논리','전공필수','',3),(5843,'일본어작문2','전공선택','',3),(5845,'한국의문화유산','전공선택','',3),(5855,'평생교육방법론','전공선택','',3),(5860,'조정계산론','전공선택','',3),(5868,'건축개론','전공필수','',3),(5888,'기초회화2','전공필수','',2),(5899,'식물병리학','전공선택','',3),(5900,'신경생물학','전공선택','',3),(5910,'데이터베이스프로그래밍','전공선택','',3),(5913,'공기조화및냉동','전공선택','',3),(5918,'반도체재료','전공선택','',3),(5920,'아이덴티티디자인2','전공선택','',3),(5922,'패키지디자인1','전공선택','',2),(5925,'연기메소드연구','전공선택','',1),(5927,'남성복디자인','전공선택','',3),(5928,'발레레파토리4','전공필수','',1),(5930,'고급현대무용4','전공필수','',1),(5943,'패키지디자인2','전공선택','',2),(5991,'스피치커뮤니케이션','교양선택(2영역)','인성과도덕',3),(6096,'한일교류사','교양선택(2영역)','역사와문화',2),(6098,'기초미적분학','학문기초교양','생명과 과학',3),(6100,'반도체개론','자유선택교양','생명과 과학',3),(6106,'영어와컴퓨터','전공선택','',3),(6115,'환경생물학','전공선택','',3),(6116,'식물유전공학및실험','전공필수','',3),(6117,'분자면역학','전공선택','',3),(6124,'호텔시설관리론','전공선택','',3),(6128,'메뉴계획과디자인','전공선택','',3),(6132,'영상처리','전공선택','',3),(6134,'HCI개론','전공선택','',3),(6135,'정보보호개론','전공선택','',3),(6139,'임베디드시스템','전공선택','',3),(6140,'케이터링경영론','전공선택','',3),(6143,'디지털사운드','전공선택','',3),(6147,'반도체제조공학','전공선택','',3),(6148,'전자세라믹스재료','전공선택','',3),(6152,'전자기학','전공필수','',3),(6153,'건축구조시스템','전공선택','',3),(6154,'건축환경개론','전공선택','',3),(6157,'스튜디오1','전공필수','',6),(6164,'무인항공기설계1','전공선택','',3),(6169,'영화이론비평세미나1','전공선택','',3),(6171,'촬영조명1','전공필수','',3),(6174,'영화제작WS1','전공선택','',2),(6175,'촬영조명2','전공필수','',3),(6177,'영화제작WS5','전공선택','',2),(6205,'해부학','전공선택','',3),(6208,'가상현실','전공선택','',3),(6214,'일본어1','교양선택(2영역)','지구촌의이해',3),(6215,'일본어2','교양선택(2영역)','지구촌의이해',3),(6223,'현장실습','전공선택','',0),(6224,'기초산업디자인1','전공필수','',3),(6225,'기초렌더링','전공선택','',3),(6237,'웹프로그래밍','전공선택','',3),(6266,'한국유교의이해','자유선택교양','인성과도덕',2),(6270,'동양의철학사상','교양선택(1영역)','사상과역사',3),(6271,'현대철학의문제','자유선택교양','인성과도덕',3),(6274,'현대한국정치사','자유선택교양','사회와제도',3),(6277,'한국사회와여성문제','교양선택(2영역)','사회와제도',2),(6279,'정보사회의사이버윤리','교양선택(1영역)','사상과역사',3),(6283,'생활속의색채심리학','교양선택(2영역)','예술과생활',2),(6286,'현대인과건강관리','교양선택(2영역)','예술과생활',2),(6287,'오페라발레','자유선택교양','예술과생활',2),(6292,'영미여성문학','전공선택','',3),(6294,'음성처리','전공필수','',3),(6296,'무역실무영어','전공선택','',3),(6303,'무인항공기설계2','전공선택','',3),(6307,'건축설비개론','전공선택','',3),(6308,'근대건축사','전공필수','',3),(6309,'스튜디오2','전공필수','',6),(6312,'기계제작법','전공필수','',3),(6313,'트라이볼로지','전공선택','',3),(6314,'박막공학','전공선택','',3),(6317,'분자바이러스학','전공선택','',3),(6319,'식물스트레스생물학','전공선택','',3),(6320,'동물유전공학및실험','전공선택','',3),(6321,'바이러스학','전공선택','',3),(6324,'XML프로그래밍','전공선택','',3),(6328,'디자인재료및성형기법','전공선택','',3),(6334,'모던째즈댄스','전공선택','',1),(6342,'영화이론비평세미나2','전공선택','',3),(6348,'방송기획','전공선택','',3),(6358,'여가사회학','전공선택','',3),(6366,'푸드코디론','전공선택','',3),(6367,'응용분석화학','전공필수','',3),(6368,'기초산업디자인2','전공필수','',3),(6369,'영화제작WS2','전공선택','',2),(6370,'영화제작WS4','전공선택','',2),(6371,'영화제작론','전공필수','',2),(6373,'영화제작WS6','전공선택','',2),(6389,'동양중세의사회와문화','전공선택','',3),(6408,'일본어능력시험','전공필수','',0),(6422,'성과문화','교양선택(2영역)','인성과도덕',2),(6423,'Hospitality산업의이해','전공선택','',3),(6425,'스포츠와대중매체','교양선택(2영역)','예술과생활',2),(6429,'연기예술의이해','자유선택교양','예술과생활',2),(6436,'문학과언어','전공선택','',3),(6439,'기업교육론','전공선택','',3),(6441,'인터넷마케팅','전공선택','',3),(6448,'인포메이션디자인1','전공선택','',2),(6461,'광고와소비자','전공선택','',3),(6463,'레스토랑경영론','전공선택','',3),(6467,'기초천문관측및실습','전공선택','',3),(6469,'범주형자료분석','전공선택','',3),(6474,'C#프로그래밍','전공선택','',3),(6478,'무선통신','전공선택','',3),(6479,'건축기계설비시스템','전공선택','',3),(6481,'스튜디오3','전공필수','',6),(6482,'GIS및실습','전공필수','',3),(6486,'로보틱스','전공선택','',3),(6492,'재료거동학','전공선택','',3),(6496,'나노화학','전공선택','',3),(6534,'작가연구','전공필수','',2),(6538,'현대사회와스포츠','교양선택(2영역)','예술과생활',2),(6541,'서.복합매체기법','전공선택','',2),(6547,'인포메이션디자인2','전공선택','',2),(6550,'니트디자인','전공선택','',3),(6554,'국제업무와영어','전공선택','',3),(6557,'멀티미디어통신','전공선택','',3),(6558,'무선통신공학','전공선택','',3),(6559,'정보이론','전공선택','',3),(6562,'초고주파공학','전공선택','',3),(6564,'닷넷프로그래밍','전공선택','',3),(6566,'지능형시스템','전공선택','',3),(6573,'건축구조해석','전공선택','',3),(6574,'건축전기설비시스템','전공선택','',3),(6575,'건축조명','전공선택','',3),(6577,'건축법제도','전공필수','',3),(6578,'현대건축론','전공필수','',3),(6585,'기계요소설계','전공선택','',3),(6591,'기능성식품학','전공선택','',3),(6593,'조직커뮤니케이션','전공필수','',3),(6595,'손해보험','전공선택','',3),(6596,'해석학개론2','전공필수','',3),(6597,'보험수학','전공선택','',3),(6603,'외식사업창업론','전공선택','',3),(6608,'스튜디오4','전공필수','',6),(6609,'서비스경영론','전공선택','',3),(6610,'건축시공','전공선택','',3),(6641,'제품시스템디자인1','전공선택','',3),(6646,'해석학개론1','전공필수','',3),(6649,'핵물리학','전공선택','',3),(6651,'은하천문학','전공필수','',3),(6652,'천문광학','전공선택','',3),(6657,'지질공학및실습','전공선택','',3),(6661,'건축디지털디자인2','전공선택','',3),(6662,'도시설계','전공필수','',3),(6663,'스튜디오5','전공필수','',6),(6671,'지구의구조및진화','전공선택','',3),(6679,'전기화학','전공선택','',3),(6680,'신소재과학1','전공선택','',3),(6682,'결정구조및X-선회절','전공필수','',3),(6683,'확산및상변태','전공필수','',3),(6686,'재료분석학','전공선택','',3),(6689,'학생상담의이론과실제','전공선택','',3),(6691,'커뮤니케이션이론','전공필수','',3),(6694,'스타마케팅','전공선택','',3),(6697,'생명보험','전공선택','',3),(6698,'공급사슬관리','전공선택','',3),(6700,'외식영양과건강','전공선택','',3),(6702,'외식상품개발론','전공선택','',3),(6703,'심리검사','전공선택','',3),(6709,'운동과다이어트','교양선택(2영역)','예술과생활',2),(6711,'건강과삶','교양선택(2영역)','예술과생활',2),(6713,'미디어와현대사회','교양선택(1영역)','사회와문화',3),(6714,'현대과학으로의여행','교양선택(1영역)','자연과과학기술',3),(6716,'경력개발과멘토링','자유선택교양','사회와제도',2),(6748,'단백질생화학','전공선택','',3),(6750,'천체분광학개론','전공선택','',3),(6752,'광공학특강','전공선택','',3),(6754,'제품시스템디자인2','전공선택','',3),(6760,'천문관측및실습','전공선택','',3),(6762,'인테리어','전공선택','',3),(6763,'스튜디오6','전공필수','',6),(6765,'도시계획','전공선택','',3),(6770,'전기전자공학개론','전공필수','',3),(6776,'건축디지털디자인1','전공선택','',3),(6780,'식품공학연구','전공선택','',3),(6782,'신소재과학2','전공선택','',3),(6786,'금속공정학','전공선택','',3),(6798,'유통경로관리','전공선택','',3),(6799,'보험과리스크','전공선택','',3),(6800,'벤처경영론','전공선택','',3),(6802,'기업재무','전공선택','',3),(6804,'전략경영','전공선택','',3),(6808,'생산운영관리','전공선택','',3),(6844,'Intensive English','교양선택(2영역)','지구촌의이해',3),(6846,'지구환경과학입문','교양선택(1영역)','자연과과학기술',3),(6847,'일반생물학1','전공필수','',3),(6850,'한국어의미론','전공선택','',3),(6855,'한국현대시론','전공선택','',3),(6858,'서비스마케팅','전공선택','',3),(6862,'여론조사이론및실무','전공필수','',3),(6863,'광고기획','전공선택','',3),(6866,'유전생화학','전공선택','',3),(6885,'비행동역학','전공필수','',3),(6887,'유도제어시스템설계','전공선택','',3),(6889,'기계제도및CAD','전공선택','',3),(6891,'기계진동학','전공선택','',3),(6895,'암반역학및실습','전공선택','',3),(6898,'건강증진학','전공선택','',3),(6899,'스포츠의학입문','전공선택','',3),(6900,'레저스포츠1','전공선택','',2),(6902,'체육철학','전공필수','',3),(6903,'스포츠과학실험법','전공선택','',3),(6905,'무대매커니즘2','전공필수','',3),(6908,'동양및한국연극사','전공선택','',1),(6909,'연기실습Project1','전공선택','',3),(6914,'신체소리구성법1','전공필수','',2),(6916,'예술과기획경영','전공선택','',2),(6920,'면역학2','전공선택','',3),(6922,'기초패키지디자인','전공선택','',2),(6930,'스튜디오7','전공필수','',6),(6931,'주거론','전공선택','',3),(6932,'건축실무','전공선택','',3),(6935,'정보시스템설계','전공선택','',3),(6936,'일반생물학2','전공필수','',3),(6954,'Job Hunting Skills','교양선택(2영역)','지구촌의이해',3),(6970,'유기메카니즘','전공선택','',3),(6971,'분광학및실험','전공선택','',3),(6980,'광디스플레이','전공선택','',3),(6981,'보안프로그래밍','전공선택','',3),(6993,'최적설계','전공선택','',3),(6996,'재료의기계적성질','전공필수','',3),(6999,'세포생물학','전공선택','',3),(7000,'면역학1','전공선택','',3),(7001,'세포조직공학','전공선택','',3),(7002,'생물공정학','전공선택','',3),(7008,'골프1','전공필수','',1),(7009,'레저스포츠2','전공선택','',2),(7011,'골프2','전공필수','',1),(7034,'무대매커니즘1','전공필수','',2),(7036,'신체소리구성법2','전공필수','',2),(7037,'스튜디오8','전공필수','',6),(7038,'개별연구','전공선택','',3),(7054,'우주궤도역학','전공선택','',3),(7056,'헬리콥터공학및설계','전공선택','',3),(7069,'궁중정재','전공선택','',2),(7071,'예술경영','전공선택','',2),(7072,'분석과인물창조2','전공선택','',3),(7074,'연기실습Project2','전공선택','',3),(7078,'연극영화교육론','전공선택','',2),(7082,'취업과진로','교양선택(1영역)','사회와문화',2),(7102,'식품물성학','전공선택','',3),(7140,'현악합주1','전공선택','',3),(7153,'기초창의설계','전공필수','',3),(7159,'고분자물리','전공선택','',3),(7160,'전기전자공학','전공선택','',3),(7161,'메카트로닉스기초설계','전공선택','',3),(7164,'응용공기역학및설계','전공선택','',3),(7165,'전산지구정보및실습','전공선택','',3),(7177,'공간과사회','전공필수','',3),(7178,'시사경영영어','전공선택','',3),(7181,'행정사','전공선택','',3),(7182,'행정규제론','전공선택','',3),(7183,'공법연습','전공선택','',3),(7186,'인적자원관리','전공선택','',3),(7187,'조직관리','전공선택','',3),(7188,'비즈니스인텔리전스','전공선택','',3),(7189,'고객관계관리','전공선택','',3),(7192,'식품평가관리','전공선택','',3),(7207,'기초중국어1','교양선택(2영역)','지구촌의이해',3),(7208,'기초중국어2','교양선택(2영역)','지구촌의이해',3),(7210,'역사와한국의영토','교양선택(2영역)','역사와문화',3),(7211,'중국문화의이해','교양선택(2영역)','지구촌의이해',3),(7214,'글로벌잉글리쉬1','교양선택(2영역)','지구촌의이해',2),(7217,'발레기초1','전공필수','',2),(7219,'데이터베이스','전공선택','',3),(7221,'진로설정과자기계발','교양선택(1영역)','사회와문화',2),(7235,'랜덤프로세스','전공선택','',3),(7239,'글로벌잉글리쉬2','교양선택(2영역)','지구촌의이해',2),(7245,'행정개혁론','전공선택','',3),(7251,'인적자원개발론','전공선택','',3),(7253,'기업윤리와사회적책임','전공선택','',3),(7261,'응용열역학','전공선택','',3),(7263,'미분기하학1','전공선택','',3),(7265,'항공센서신호처리','전공선택','',3),(7267,'항공기설계및CAD','전공선택','',3),(7268,'항법전자시스템설계','전공선택','',3),(7270,'물류관리','전공선택','',3),(7273,'나노재료응용','전공선택','',3),(7274,'고분자합성','전공선택','',3),(7280,'현악합주2','전공선택','',3),(7282,'발레기초2','전공필수','',2),(7284,'광통신시스템','전공선택','',3),(7285,'세계연극사','전공필수','',2),(7287,'움직임2(댄스)','전공선택','',3),(7304,'토양오염학','전공선택','',3),(7307,'기계가공학','전공선택','',3),(7312,'외국조리실습','전공선택','',3),(7313,'프로그래밍언어의개념','전공선택','',3),(7315,'기초물리화학','전공선택','',3),(7317,'제품운송기기디자인4','전공선택','',3),(7319,'현대인의삶과와인','자유선택교양','역사와문화',2),(7321,'생활일본어','교양선택(2영역)','지구촌의이해',3),(7325,'미적분학및연습1','전공기초교양','생명과자연',3),(7326,'미적분학및연습2','전공기초교양','생명과자연',3),(7330,'확률및통계','전공필수','',3),(7335,'시나리오읽기와창작','자유선택교양','예술과생활',3),(7336,'일상생활속의예술','자유선택교양','예술과생활',3),(7338,'중국의정치경제와사회','교양선택(1영역)','세계와지구촌',3),(7342,'우리의전통주이야기','자유선택교양','역사와문화',2),(7343,'신화와예술','자유선택교양','역사와문화',3),(7345,'미술심리치료','교양선택(2영역)','인성과도덕',3),(7351,'현대시의이해와감상','자유선택교양','예술과생활',3),(7357,'생활속의심리학','자유선택교양','인성과도덕',3),(7358,'문화재의이해와보존','자유선택교양','역사와문화',3),(7362,'한옥과전통문화','자유선택교양','역사와문화',3),(7364,'궁중건축돌아보기','자유선택교양','역사와문화',3),(7369,'발레의이해와감상','교양선택(2영역)','예술과생활',3),(7378,'유체역학1및연습','전공필수','',3),(7379,'문화경제학','전공선택','',3),(7381,'멀티미디어와회화1','전공선택','',2),(7384,'스포츠마케팅','전공필수','',3),(7385,'외식산업경영론','전공필수','',3),(7387,'영미문학의세계','전공선택','',3),(7390,'영미문화와어휘','전공선택','',3),(7396,'정보리터러시','전공선택','',3),(7399,'영상매체속의영어','교양선택(2영역)','지구촌의이해',3),(7401,'영어발음연습','교양선택(2영역)','지구촌의이해',3),(7404,'디지털미디어와사회','전공선택','',3),(7405,'기획취재','전공선택','',3),(7407,'대중문화론','전공선택','',3),(7408,'미디어법제','전공선택','',3),(7410,'방송제작워크샵','전공선택','',3),(7411,'동양조리실습','전공선택','',3),(7414,'건축드로잉','전공선택','',3),(7416,'해석사진측정','전공선택','',3),(7417,'지구원격탐사및실습','전공선택','',3),(7420,'소재디자인','전공필수','',3),(7422,'오케스트라1','전공필수','',2),(7424,'현악합주3','전공선택','',3),(7436,'마케팅커뮤니케이션','전공선택','',3),(7439,'여가공간계획론','전공선택','',3),(7442,'관광인터넷마케팅','전공선택','',3),(7443,'마케팅조사론','전공선택','',3),(7445,'식음료원가관리','전공선택','',3),(7453,'전자회로1','전공필수','',3),(7454,'공학설계입문','전공필수','',3),(7458,'재료의전자기적물성','전공선택','',3),(7460,'초미립소재학','전공선택','',3),(7461,'자성체재료','전공선택','',3),(7463,'차세대이동통신','전공선택','',3),(7465,'연소공학개론','전공선택','',3),(7468,'식품공학','전공필수','',3),(7469,'나노식품공학','전공선택','',3),(7470,'식품생물공학','전공선택','',3),(7472,'식품안전및법규','전공선택','',3),(7478,'전사적자원관리','전공선택','',3),(7481,'오케스트라3','전공필수','',2),(7482,'오케스트라5','전공필수','',2),(7483,'오케스트라7','전공필수','',2),(7495,'동서양음식문화사','자유선택교양','역사와문화',3),(7499,'디자인의이해','자유선택교양','생명과자연',2),(7503,'영어읽기연습','교양선택(2영역)','지구촌의이해',1),(7504,'영어듣기연습','교양선택(2영역)','지구촌의이해',1),(7505,'리조트경영론','전공선택','',3),(7508,'호텔경영세미나','전공선택','',3),(7509,'문화관광경영론','전공선택','',3),(7510,'CEO특강','전공선택','',3),(7512,'여행사창업론','전공선택','',3),(7514,'영문법의이해','전공필수','',3),(7516,'광고PR개론','전공필수','',3),(7517,'방송제작기초','전공선택','',3),(7518,'PR실무론','전공선택','',3),(7519,'카피라이팅','전공선택','',3),(7521,'미디어산업과정책','전공선택','',3),(7522,'PR캠페인','전공선택','',3),(7524,'VJ제작','전공선택','',3),(7525,'매체비평론','전공선택','',3),(7526,'광고와사회','전공선택','',3),(7529,'외식기업사례연구','전공선택','',3),(7531,'식음료원가관리론','전공필수','',3),(7532,'외식경영세미나','전공선택','',3),(7539,'오케스트라2','전공필수','',2),(7540,'오케스트라4','전공필수','',2),(7541,'오케스트라6','전공필수','',2),(7542,'오케스트라8','전공필수','',2),(7543,'현악합주4','전공선택','',3),(7546,'관악합주2','전공선택','',3),(7549,'분자세포생물학2','전공선택','',3),(7550,'전통타악실기','전공선택','',2),(7553,'범죄심리학','자유선택교양','인성과도덕',3),(7556,'우리의음식문화사','자유선택교양','역사와문화',3),(7557,'동양건축기행','자유선택교양','예술과생활',3),(7563,'현대인과기독교','교양선택(2영역)','인성과도덕',3),(7564,'이미지메이킹','교양선택(2영역)','인성과도덕',2),(7565,'우리차문화의이해','교양선택(2영역)','역사와문화',2),(7568,'컴퓨터게임과문화','자유선택교양','역사와문화',3),(7570,'러시아의정치경제와사회','중핵필수선택','세계와지구촌',3),(7576,'교육과정과프로그램개발','전공선택','',3),(7579,'신금속재료','전공선택','',3),(7580,'세라믹스공정학','전공선택','',3),(7582,'응용원격탐사및실습','전공선택','',3),(7583,'지질재해론','전공선택','',3),(7585,'통신시스템설계','전공선택','',3),(7588,'방송시스템','전공선택','',3),(7590,'건축디자인','전공필수','',3),(7591,'공학기초설계','전공필수','',3),(7593,'빌딩시스템','전공필수','',3),(7594,'재료와디테일','전공필수','',3),(7596,'전자정부론','전공선택','',3),(7599,'유체역학2및실험','전공선택','',3),(7602,'멀티미디어와회화2','전공선택','',2),(7609,'식품일반미생물학','전공필수','',3),(7610,'식품개발및실험','전공선택','',3),(7611,'식품분석및실험','전공선택','',3),(7612,'향미화학및관능평가','전공선택','',3),(7613,'경영시뮬레이션','전공선택','',3),(7620,'기초설계','전공필수','',3),(7621,'전산열유체역학','전공선택','',3),(7622,'교통경제학','전공선택','',3),(7632,'평생교육실습(P/NP)','전공선택','',0),(7634,'한국사의기본인식','전공선택','',3),(7636,'성간물질','전공선택','',3),(7640,'VHDL프로그래밍','전공선택','',3),(7641,'측량자료처리및실습','전공선택','',3),(7643,'GIS프로그래밍및실습','전공선택','',3),(7644,'디지털사진측정및실습','전공필수','',3),(7645,'선형대수학1','전공필수','',3),(7649,'현대사회와영어','전공선택','',3),(7650,'영어학의세계','전공선택','',3),(7651,'영어듣기와말하기','전공선택','',3),(7652,'영어에세이읽기','전공선택','',3),(7662,'철근콘크리트공학','전공선택','',3),(7663,'건축환경설계','전공필수','',3),(7664,'수질관리','전공필수','',3),(7665,'환경유체역학','전공선택','',3),(7669,'수리학및실습','전공선택','',3),(7670,'강구조공학1','전공선택','',3),(7672,'동남아의정치경제와사회','중핵필수선택','세계와지구촌',3),(7677,'영화와문학','자유선택교양','예술과생활',3),(7678,'관악합주3','전공선택','',3),(7679,'현악합주5','전공선택','',3),(7687,'콘텐츠저작설계','전공선택','',3),(7689,'중급중국어1','전공선택','',3),(7696,'국제통상학개론','전공선택','',3),(7698,'응용기계설계','전공선택','',3),(7699,'공공경제학','전공선택','',3),(7702,'관악합주4','전공선택','',3),(7705,'현악합주6','전공선택','',3),(7706,'피아노교수법','전공선택','',3),(7710,'디지털지도','전공선택','',3),(7712,'교육통계','전공필수','',3),(7713,'평생교육프로그램개발론','전공선택','',3),(7714,'평생교육경영론','전공선택','',3),(7715,'성인학습및상담','전공선택','',3),(7719,'디지털신호처리설계','전공선택','',3),(7720,'디스플레이공학','전공선택','',3),(7721,'반도체소자설계','전공선택','',3),(7722,'전자회로2','전공선택','',3),(7727,'취업면접화법','자유선택교양','인성과도덕',2),(7728,'문화와경제','교양선택(2영역)','사회와제도',3),(7729,'지적재산권법','전공선택','사회와제도',3),(7730,'20세기디자인과문화','자유선택교양','예술과생활',3),(7731,'철학과인간이해','교양선택(1영역)','사상과역사',3),(7736,'환경지구물리학','전공선택','',3),(7738,'토양지하수환경학','전공선택','',3),(7740,'항성대기','전공선택','',3),(7741,'현대우주론','전공선택','',3),(7744,'인도의정치경제와사회','중핵필수선택','세계와지구촌',3),(7745,'교직소양을위한독서강좌2','교직','',1),(7746,'쟁점동양사','전공선택','',3),(7749,'중국경제론','전공선택','',3),(7751,'중급중국어2','전공선택','',3),(7754,'강구조공학2','전공선택','',3),(7756,'재무세미나','전공선택','',3),(7760,'최신식품동향연구','전공선택','',3),(7761,'동아시아와한반도','교양선택(2영역)','지구촌의이해',3),(7762,'공학전산','전공선택','',3),(7763,'크루즈경영론','전공선택','',3),(7765,'춤과사랑이야기','자유선택교양','예술과생활',3),(7767,'열유체응용설계','전공선택','',3),(7768,'경제수학','전공필수','',3),(7770,'조세론','전공선택','',3),(7771,'교양스키','교양선택(2영역)','예술과생활',1),(7772,'교양배드민턴','교양선택(2영역)','예술과생활',1),(7774,'영어어휘와발음','전공필수','',3),(7779,'현대인의정신건강과자기발견','교양선택(1영역)','사회와문화',2),(7785,'관악합주5','전공선택','',3),(7789,'현악합주7','전공선택','',3),(7793,'향장화학','전공선택','',3),(7795,'지구물리탐사','전공필수','',3),(7797,'매핑시스템설계','전공선택','',3),(7799,'폐기물관리','전공선택','',3),(7806,'기초반도체','전공필수','',3),(7812,'공학설계A','전공필수','',3),(7813,'원격교육론','전공선택','',3),(7814,'교육평가론','전공선택','',3),(7818,'분자생물학1및실험','전공선택','',3),(7819,'영국사회와문학','전공선택','',3),(7820,'영어음성음운론','전공선택','',3),(7821,'영어의미의흐름','전공선택','',3),(7822,'영어문장의이해','전공선택','',3),(7825,'창의적영어읽기','전공선택','',3),(7828,'건축시공및관리','전공필수','',3),(7832,'국어교과교육론','전공선택','',3),(7833,'영어교과교육론','전공선택','',3),(7834,'일본어교과교육론','전공선택','',3),(7835,'역사교과교육론','전공선택','',3),(7836,'교육학교과교육론','전공선택','',3),(7837,'일반사회교과교육론','전공선택','',3),(7838,'상업정보교과교육론','전공선택','',3),(7839,'관광교과교육론','전공선택','',3),(7840,'화학교과교육론','전공선택','',3),(7841,'공업교과교육론','전공선택','',3),(7843,'미술교과교육론','전공선택','',3),(7844,'디자인.공예교과교육론','전공선택','',3),(7846,'음악교과교육론','전공선택','',3),(7847,'체육교과교육론','전공선택','',3),(7848,'연극영화교과교육론','전공선택','',3),(7849,'교직소양을위한독서강좌1','교직','',1),(7852,'한국산업론','전공선택','',3),(7856,'평생교육실습','전공선택','',3),(7860,'인터렉티브디자인','전공선택','',2),(7886,'사회조사방법론','전공선택','',3),(7905,'청소년교육론','전공선택','',3),(7906,'그리스·로마문명','전공선택','',3),(7924,'영미시의이해','전공선택','',3),(7926,'문학번역','전공선택','',3),(7927,'미국사회와문학','전공필수','',3),(7929,'영미소설의이해','전공필수','',3),(7931,'영어표현과의사소통','전공선택','',3),(7932,'영미명작의세계','전공선택','',3),(7933,'현대영어학의흐름','전공선택','',3),(7946,'한국고전소설론','전공필수','',3),(7947,'한국현대희곡론','전공선택','',3),(7954,'중국기업경영론','전공선택','',3),(7964,'실용중국어작문','전공선택','',3),(7968,'시사중국어','전공선택','',3),(7975,'무역결제론','전공선택','',3),(7980,'의사결정론','전공선택','',3),(7983,'금융기관론','전공선택','',3),(7986,'비지니스인텔리전스','전공선택','',3),(7990,'사회보험','전공선택','',3),(7991,'서비스운영관리','전공선택','',3),(8002,'제과·제빵실습','전공선택','',3),(8012,'수질환경분석및실험','전공선택','',3),(8024,'환경에너지세미나1','전공선택','',3),(8025,'환경에너지통계학','전공선택','',3),(8026,'연료및연소공학','전공선택','',3),(8028,'폐기물에너지전환','전공선택','',3),(8029,'온실가스분석및실험','전공선택','',3),(8030,'환경기기분석및실험','전공선택','',3),(8031,'환경에너지세미나2','전공필수','',3),(8033,'고분자화학실험','전공선택','',3),(8039,'천문기초통계학','전공선택','',3),(8042,'중력과우주','전공선택','',3),(8044,'전파천문학','전공선택','',3),(8055,'전산수학실습','전공선택','',3),(8057,'베이지안분석','전공선택','',3),(8063,'세포생물학2및실험','전공선택','',3),(8065,'줄기세포학','전공선택','',3),(8066,'모바일프로그래밍','전공선택','',3),(8073,'심화프로그래밍설계','전공선택','',3),(8076,'기초광학및실험','전공선택','',3),(8077,'제어공학','전공필수','',3),(8079,'광반도체및LED공학','전공선택','',3),(8086,'디지털통신시스템','전공필수','',3),(8090,'차트작성및발표','전공선택','',3),(8095,'반도체에너지공학','전공선택','',3),(8097,'전자공학종합설계','전공선택','',3),(8098,'반도체와인공지능','전공선택','',3),(8099,'오디오및음성신호처리','전공선택','',3),(8105,'화학기기분석','전공선택','',3),(8114,'재료화학','전공선택','',3),(8115,'로켓공학및설계','전공선택','',3),(8116,'항공우주공학실험1','전공선택','',3),(8118,'항공우주공학실험2','전공선택','',3),(8138,'에너지공학','전공선택','',3),(8141,'석유가스공학개론','전공필수','',3),(8144,'구조지질학및실습','전공선택','',3),(8146,'저류공학','전공선택','',3),(8147,'발파및굴착공학','전공선택','',3),(8148,'시추공학','전공선택','',3),(8149,'신재생에너지개발공학','전공선택','',3),(8151,'에너지원격탐사및실습','전공선택','',3),(8153,'지구화학탐사','전공필수','',3),(8155,'전산지구물리학및실습','전공필수','',3),(8158,'폐자원재활용공학','전공선택','',3),(8160,'경제성평가','전공선택','',3),(8161,'원격지구물리탐사및실습','전공선택','',3),(8162,'탄성파탐사공학','전공선택','',3),(8163,'환경지구화학','전공선택','',3),(8168,'인공위성지구물리학','전공선택','',3),(8169,'종합설계','전공필수','',3),(8172,'원격탐사설계','전공선택','',3),(8173,'지구동력학실습','전공선택','',3),(8174,'GNSS설계','전공필수','',3),(8179,'공학설계B','전공필수','',3),(8180,'건설관리및경영','전공선택','',3),(8181,'건설IT','전공선택','',3),(8182,'구조계획및설계','전공선택','',3),(8186,'현악합주8','전공선택','',3),(8187,'관악합주7','전공선택','',3),(8189,'관악합주6','전공선택','',3),(8192,'관악합주8','전공선택','',3),(8199,'디지털만화제작1','전공선택','',3),(8214,'디지털만화제작2','전공선택','',3),(8218,'컨셉디자인','전공선택','',3),(8232,'국어교과교재연구및지도법','전공선택','',3),(8233,'영어교과교재연구및지도법','전공선택','',3),(8234,'일본어교과교재연구및지도법','전공선택','',3),(8235,'교육학교과교재연구및지도법','전공선택','',3),(8236,'역사교과교재연구및지도법','전공선택','',3),(8237,'일반사회교과교재연구및지도법','전공선택','',3),(8238,'상업정보교과교재연구및지도법','전공선택','',3),(8239,'관광교과교재연구및지도법','전공선택','',3),(8240,'화학교과교재연구및지도법','전공선택','',3),(8242,'공업교과교재연구및지도법','전공선택','',3),(8243,'미술교과교재연구및지도법','전공선택','',3),(8244,'음악교과교재연구및지도법','전공선택','',3),(8245,'체육교과교재연구및지도법','전공선택','',3),(8246,'디자인.공예교과교재연구및지도법','전공선택','',3),(8247,'연극영화교과교재연구및지도법','전공선택','',3),(8259,'연극으로세상읽기','자유선택교양','예술과생활',3),(8261,'디지털영상제작의기초','자유선택교양','예술과생활',3),(8263,'21세기외교전쟁','교양선택(1영역)','세계와지구촌',3),(8272,'교직윤리함양워크숍','교직','',0),(8276,'학교현장실습','교직','',2),(8279,'태양전지공학','전공선택','',3),(8280,'반도체공정설계','전공선택','',3),(8283,'교직실무','교직','',2),(8284,'인터넷보안','전공선택','',3),(8288,'컴퓨터그래픽스1','전공선택','',3),(8289,'컴퓨터그래픽스2','전공필수','',3),(8292,'패턴인식개론','전공선택','',3),(8297,'항공우주공학개론','전공필수','',3),(8300,'쟁점으로이해하는북한사회','교양선택(1영역)','사회와문화',3),(8303,'English Composition 1','자유선택교양','지구촌의이해',2),(8304,'English Composition 2','자유선택교양','지구촌의이해',2),(8317,'국어논리및논술','전공선택','',3),(8318,'영어논리및논술','전공선택','',3),(8319,'일본어논리및논술','전공선택','',3),(8320,'교육학논리및논술','전공선택','',3),(8321,'역사논리및논술','전공선택','',3),(8322,'일반사회논리및논술','전공선택','',3),(8323,'상업정보논리및논술','전공선택','',3),(8324,'관광논리및논술','전공선택','',3),(8325,'화학논리및논술','전공선택','',3),(8326,'공업논리및논술','전공선택','',3),(8328,'미술논리및논술','전공선택','',3),(8330,'디자인.공예논리및논술','전공선택','',3),(8331,'음악논리및논술','전공선택','',3),(8332,'체육논리및논술','전공선택','',3),(8333,'연극영화논리및논술','전공선택','',3),(8334,'교육봉사활동1','교직','',1),(8335,'교육봉사활동2','교직','',1),(8336,'교육봉사활동3','교직','',2),(8337,'특수교육학개론','교직','',2),(8352,'한국어의사소통기법','전공선택','',3),(8353,'한국문학의장르론','전공선택','',3),(8354,'한국어문법론','전공필수','',3),(8355,'한국한문학의이해','전공필수','',3),(8357,'국어국문학의현재와미래','전공필수','',3),(8358,'한국어어문생활의실제','전공선택','',3),(8359,'한국근대시론','전공선택','',3),(8360,'신입생세미나1','중핵필수','역량강화',1),(8362,'한국어교육론','전공필수','',3),(8364,'세종사회봉사1','교양필수','인성과창의력',1),(8365,'세종사회봉사2','교양선택(1영역)','사회와문화',1),(8368,'한국문화와한국어교육','전공선택','',3),(8369,'한국근대소설론','전공선택','',3),(8370,'독서교육론','전공선택','',3),(8371,'한국문학과문화콘텐츠','전공선택','',3),(8373,'영미작가이야기','전공선택','',3),(8375,'영미문화탐방','전공선택','',3),(8376,'영어교육세미나','전공선택','',3),(8377,'전산개론-I','전공기초교양','생명과 과학',3),(8378,'전산개론-O','학문기초교양','생명과 과학',3),(8379,'전산개론-C','전공기초교양','생명과 과학',3),(8380,'전산개론-M','전공기초교양','생명과 과학',3),(8381,'세종리더십','교양선택(1영역)','사상과역사',2),(8387,'고급일본어1','전공선택','',3),(8389,'세계속의일본어','전공필수','',3),(8390,'한일문화의교류현장','전공선택','',3),(8392,'일본의시대별문학','전공선택','',3),(8393,'고급일본어2','전공선택','',3),(8402,'한일비교문화론','전공필수','',3),(8409,'일통번역의이론과실제','전공선택','',3),(8413,'현대일본과국제사회','전공필수','',3),(8414,'일본문학과번역','전공선택','',3),(8415,'일본의전통문화','전공선택','',3),(8416,'일본사회의이해','전공선택','',3),(8418,'쟁점서양사','전공선택','',3),(8419,'경제사','전공선택','',3),(8420,'응용미시경제학','전공선택','',3),(8421,'개방거시경제학','전공선택','',3),(8422,'금융시장론','전공선택','',3),(8423,'금융경제론','전공선택','',3),(8424,'환경경제론','전공선택','',3),(8426,'미디어의이해','전공필수','',3),(8427,'광고매체기획','전공선택','',3),(8428,'HCI와커뮤니케이션','전공선택','',3),(8429,'디지털스토리텔링','전공필수','',3),(8430,'PR작문법','전공선택','',3),(8431,'프리젠테이션실무','전공선택','',3),(8432,'인터랙티브광고론','전공선택','',3),(8437,'채권분석','전공선택','',3),(8451,'팀관리','전공선택','',3),(8453,'기초한국조리실습','전공선택','',3),(8454,'외식식품산업의이해','전공선택','',3),(8455,'기초서양조리실습','전공필수','',3),(8457,'와인개론','전공선택','',3),(8459,'외식생산관리','전공선택','',3),(8460,'외식마케팅조사','전공선택','',3),(8464,'외식경영의사결정방법','전공선택','',3),(8469,'글로벌식생활문화','전공선택','',3),(8472,'음식평론','전공선택','',3),(8476,'광물암석학및실습','전공선택','',3),(8477,'전기화학공학및실습','전공선택','',3),(8478,'지구통계학','전공선택','',3),(8480,'전기전자탐사공학','전공선택','',3),(8481,'물리검층','전공선택','',3),(8484,'한국문학과영상문화','전공선택','',3),(8485,'생체역학','전공선택','',3),(8486,'리더십','전공선택','',3),(8487,'한국어의역사','전공선택','',3),(8489,'항공전사','전공필수','',2),(8490,'한국문학의역사','전공선택','',3),(8491,'한국어화용론','전공선택','',3),(8495,'에너지재료','전공선택','',3),(8499,'타입&이미지','전공필수','',2),(8504,'패션컴퓨터그래픽','전공필수','',3),(8505,'기초패턴설계','전공필수','',3),(8506,'패션디자인','전공필수','',3),(8507,'응용패턴설계','전공필수','',3),(8509,'고급패턴설계','전공선택','',3),(8510,'패션브랜드디자인','전공선택','',3),(8511,'기초패션드레이핑','전공선택','',3),(8513,'고급패션드레이핑','전공필수','',3),(8519,'패션악세서리디자인','전공선택','',3),(8520,'창작패턴설계','전공선택','',3),(8521,'패션컬렉션','전공선택','',3),(8534,'육상(필드)','전공선택','',1),(8535,'뉴스포츠지도법','전공선택','',3),(8537,'리듬체조','전공선택','',1),(8544,'스포츠와미디어','전공선택','',3),(8549,'Hospitality재무회계','전공선택','',3),(8550,'Hospitality외식사업창업론','전공선택','',3),(8556,'호텔경영정보시스템','전공선택','',3),(8557,'카지노기초실무론','전공선택','',3),(8560,'레저스포츠경영론','전공선택','',3),(8561,'카지노고급실무론','전공선택','',3),(8562,'경영분석세미나','전공선택','',3),(8563,'호텔프로젝트관리론','전공선택','',3),(8564,'관광법규정책','전공선택','',3),(8566,'기초현대물리학실험','전공선택','',3),(8568,'전기와자기','전공필수','',3),(8569,'전자기파와광학','전공선택','',3),(8571,'전자학실험','전공선택','',3),(8573,'나노소자및광학실험','전공선택','',3),(8577,'화학을위한물리','전공선택','',3),(8579,'화학과소프트웨어1','전공선택','',3),(8583,'금속착물화학','전공선택','',3),(8584,'화학과소프트웨어2','전공선택','',3),(8594,'고급하폐수처리','전공선택','',3),(8601,'식품효소공학','전공선택','',3),(8602,'일반생리학','전공선택','',3),(8603,'실험면역학','전공선택','',3),(8604,'후성유전학','전공선택','',3),(8605,'시스템생물학','전공선택','',3),(8608,'안테나공학','전공선택','',3),(8609,'마이크로파공학','전공선택','',3),(8612,'전기전자재료공학','전공선택','',3),(8616,'정책분석평가론','전공선택','',3),(8621,'MATLAB프로그래밍','전공선택','',3),(8622,'확률및랜덤변수','전공필수','',3),(8623,'배열신호처리','전공선택','',3),(8624,'무선네트워크','전공선택','',3),(8626,'하드웨어프로그래밍','전공선택','',3),(8627,'시스템반도체','전공선택','',3),(8636,'멀티코어프로그래밍','전공선택','',3),(8642,'프로젝트관리론','전공필수','',3),(8643,'구조역학및연습','전공필수','',3),(8644,'건설수치해석','전공선택','',3),(8645,'C언어응용과데이터구조','전공필수','',3),(8647,'응용암호론','전공선택','',3),(8648,'시스템관리및보안','전공선택','',3),(8654,'리버스엔지니어링','전공선택','',3),(8659,'서양미술사1','전공선택','',3),(8660,'서양미술사2','전공선택','',3),(8661,'현대산수연구','전공선택','',2),(8662,'디지털포렌식','전공선택','',3),(8663,'보안정책과법규','전공선택','',3),(8665,'정보보호특강1','전공선택','',3),(8666,'정보보호특강2','전공선택','',3),(8667,'모바일시스템보안','전공선택','',3),(8668,'임베디드시스템보안','전공선택','',3),(8669,'시스템보안실무','전공선택','',3),(8670,'사이버전쟁과테러리즘','전공선택','',3),(8673,'스토리텔링','전공필수','',2),(8674,'영상표현기초','전공필수','',1),(8675,'연극의이해','전공필수','',2),(8676,'영화기술기초','전공필수','',3),(8683,'사운드','전공선택','',2),(8684,'보컬트레이닝1','전공선택','',3),(8685,'보컬트레이닝2','전공선택','',3),(8686,'매체연기실습1','전공선택','',2),(8687,'동양영화사','전공필수','',2),(8689,'매체연기실습2','전공선택','',2),(8690,'매체연기실습3','전공선택','',3),(8692,'뮤지컬넘버플레이1','전공선택','',2),(8693,'뮤지컬넘버플레이2','전공선택','',2),(8694,'장면구성과시각화','전공선택','',2),(8695,'장편영화기획','전공선택','',3),(8696,'공연제작Project1','전공선택','',3),(8697,'공연제작Project2','전공필수','',3),(8699,'에쮸드와역할놀이(교육연극)','전공선택','',3),(8700,'영화기술고급','전공선택','',2),(8702,'오디션연구','전공선택','',3),(8703,'재해정보공학설계','전공선택','',3),(8708,'논리와논술','전공선택','',3),(8711,'상행위법','전공선택','',3),(8712,'인권과법','전공선택','',3),(8713,'계약법','전공필수','',3),(8715,'법학적성평가연습1','전공필수','',3),(8716,'법학적성평가연습2','전공선택','',3),(8724,'노동법','전공선택','',3),(8725,'친족상속법','전공선택','',3),(8726,'불법행위법','전공선택','',3),(8729,'시장경제와법','전공선택','',3),(8733,'환경법','전공선택','',3),(8734,'교육학의탐구','전공필수','',3),(8735,'대학과진로','전공선택','',3),(8736,'인문학과교육','전공선택','',3),(8737,'교육심리의이론과실제','전공필수','',3),(8738,'국제·다문화교육제도','전공선택','',3),(8739,'현대중국의이해','전공선택','',3),(8742,'국제통상개론','전공필수','',3),(8743,'중국사상과역사','전공선택','',3),(8745,'통상중국어회화2','전공선택','',3),(8749,'통상실무중국어','전공선택','',3),(8750,'중국시장마케팅론','전공선택','',3),(8751,'중국정치사회론','전공선택','',3),(8754,'중국대외경제관계론','전공선택','',3),(8758,'중국어능력시험','전공필수','',0),(8759,'중국경제신문독해','전공선택','',3),(8760,'고급중국어','전공선택','',3),(8763,'한중관계론','전공선택','',3),(8764,'군사학개론','전공선택','',3),(8765,'항해학개론','전공필수','',3),(8766,'군대윤리','전공필수','',3),(8768,'선형대수와시스템이론','전공필수','',3),(8771,'함정운용학','전공선택','',3),(8772,'유도/수중무기시스템','전공선택','',3),(8777,'응용제어시스템','전공선택','',3),(8780,'해군교리및작전','전공선택','',3),(8784,'판례민법','전공선택','',3),(8785,'애니메이션기초1','전공필수','',3),(8786,'애니메이션기초2','전공필수','',3),(8787,'네러티브워크샵1','전공필수','',3),(8788,'네러티브워크샵2','전공필수','',3),(8789,'디지털제작도구연구','전공선택','',3),(8790,'콘텐츠기획1','전공필수','',3),(8791,'콘텐츠기획2','전공필수','',3),(8792,'만화제작1','전공선택','',3),(8793,'만화제작2','전공선택','',3),(8794,'3D애니메이션제작기초1','전공선택','',3),(8795,'3D애니메이션제작기초2','전공선택','',3),(8799,'애니메이션액팅기초1','전공선택','',3),(8800,'애니메이션액팅기초2','전공선택','',3),(8802,'법학입문','전공선택','',3),(8805,'법철학','전공선택','',3),(8806,'디지털제작기법연구','전공선택','',3),(8807,'3D애니메이션제작고급1','전공선택','',3),(8808,'3D애니메이션제작고급2','전공선택','',3),(8809,'시각효과고급1','전공선택','',3),(8810,'시각효과고급2','전공선택','',3),(8811,'애니메이션액팅고급1','전공선택','',3),(8812,'애니메이션액팅고급2','전공선택','',3),(8823,'모던댄스1','전공필수','',1),(8824,'모던댄스2','전공필수','',1),(8825,'모던댄스3','전공필수','',1),(8826,'모던댄스4','전공필수','',1),(8827,'한국전통무용기교훈련1','전공필수','',1),(8828,'한국전통무용기교훈련2','전공필수','',1),(8829,'한국창작무용기교훈련1','전공필수','',1),(8830,'한국창작무용기교훈련2','전공필수','',1),(8831,'신체요법','전공선택','',2),(8832,'한국무용음악분석','전공선택','',2),(8833,'무용작품분석','전공선택','',2),(8834,'전통춤기교실습1','전공필수','',1),(8835,'전통춤기교실습2','전공필수','',1),(8836,'창작춤기교실습1','전공필수','',1),(8837,'창작춤기교실습2','전공필수','',1),(8838,'발레테크닉5','전공필수','',1),(8839,'발레테크닉6','전공필수','',1),(8840,'발레테크닉7','전공필수','',1),(8841,'발레테크닉8','전공필수','',1),(8842,'동작분석','전공선택','',2),(8843,'한국무용표현법','전공선택','',2),(8844,'신무용기법','전공선택','',2),(8845,'무용실습','전공선택','',2),(8846,'무용사회학','전공선택','',2),(8847,'무용교육','전공선택','',3),(8848,'무용제작실습','전공선택','',1),(8849,'컨템포러리댄스1','전공필수','',1),(8850,'컨템포러리댄스2','전공필수','',1),(8851,'컨템포러리댄스3','전공필수','',1),(8852,'컨템포러리댄스4','전공필수','',1),(8853,'한국전통무용안무1','전공필수','',1),(8854,'한국전통무용안무2','전공필수','',1),(8855,'한국창작무용안무1','전공필수','',1),(8856,'한국창작무용안무2','전공필수','',1),(8857,'춤과미디어','전공선택','',2),(8858,'한국무용창작기법','전공선택','',2),(8861,'캐릭터댄스','전공선택','',2),(8863,'커뮤니티댄스','전공선택','',2),(8864,'한국전통무용작품분석1','전공필수','',1),(8865,'한국전통무용작품분석2','전공필수','',1),(8866,'한국창작무용작품분석1','전공필수','',1),(8867,'한국창작무용작품분석2','전공필수','',1),(8868,'발레레파토리5','전공필수','',1),(8869,'발레레파토리6','전공필수','',1),(8870,'발레레파토리7','전공필수','',1),(8871,'발레레파토리8','전공필수','',1),(8872,'무용표현심리학','전공선택','',2),(8874,'공연프로젝트','전공선택','',2),(8877,'일본역사의이해','전공선택','',3),(8879,'미국문학의흐름','전공선택','',3),(8881,'인지과학:마음,언어,기계','교양선택(2영역)','인성과도덕',3),(8882,'동서양의윤리','교양선택(1영역)','사상과역사',3),(8884,'국가와정체성','교양선택(1영역)','사회와문화',3),(8885,'과학기술과사회','교양선택(1영역)','자연과과학기술',3),(8887,'언어와문명','교양선택(1영역)','사회와문화',3),(8888,'그리스로마신화의이해','교양선택(1영역)','사상과역사',3),(8890,'천문학의세계','교양선택(1영역)','자연과과학기술',3),(8891,'인체와생명','중핵필수선택','자연과과학기술',3),(8892,'생명과학의미래','교양선택(1영역)','자연과과학기술',3),(8893,'제3세계의이해','중핵필수선택','세계와지구촌',3),(8894,'세계화와글로벌거버넌스','교양선택(1영역)','세계와지구촌',3),(8895,'EU의정치경제와사회','교양선택(1영역)','세계와지구촌',3),(8896,'언어와사회의이해','교양선택(2영역)','역사와문화',3),(8898,'영어로하는프리젠테이션','교양선택(2영역)','지구촌의이해',3),(8899,'서양음악감상','자유선택교양','예술과생활',3),(8902,'한국전통무용기본1','전공필수','',2),(8903,'한국전통무용기본2','전공필수','',2),(8904,'발레와필라테스','전공선택','',2),(8908,'구조디자인','전공필수','',3),(8910,'생활지도및상담','교직','',2),(8912,'유럽의역사와문화','중핵필수선택','세계와지구촌',3),(8913,'동양고전강독1','교양선택(1영역)','사상과역사',1),(8914,'서양고전강독1','교양선택(1영역)','사상과역사',1),(8920,'해전사','전공필수','',3),(8922,'무기체계공학','전공필수','',3),(8924,'기초역학개론','전공필수','',3),(8931,'시스템응용SW','전공필수','',3),(8932,'동양고전강독2','교양선택(1영역)','사상과역사',1),(8933,'서양고전강독2','교양선택(1영역)','사상과역사',1),(8934,'인류학과현대사회','교양선택(1영역)','사회와문화',3),(8935,'현대사회와다문화주의','교양선택(1영역)','사회와문화',3),(8936,'정치경제학의이해','중핵필수선택','사상과역사',3),(8937,'현대과학기술의이해','교양선택(1영역)','자연과과학기술',3),(8939,'지구의이해','교양선택(2영역)','생명과 과학',3),(8951,'해군장교현장실습1','전공필수','',0),(8952,'해군장교현장실습2','전공필수','',0),(8953,'영어의기원과발달','전공선택','',3),(8959,'회화와일러스트레이션','전공선택','',2),(8960,'식물생리학및실험','전공필수','',3),(8966,'꽃의세계','교양선택(2영역)','생명과 과학',3),(8972,'종묘생산학','전공선택','',3),(8974,'생물정보학','전공선택','',3),(8977,'채소학','전공선택','',3),(8982,'유전체학개론','전공선택','',3),(8987,'바이오자원공학','전공선택','',3),(8988,'식물생태학','전공선택','',3),(8989,'화훼육종학','전공선택','',3),(8991,'원자및핵물리','전공필수','',3),(8994,'방사선과물질상호작용','전공선택','',3),(8999,'원자로열전달','전공선택','',3),(9002,'원자로열수력학','전공필수','',3),(9003,'원자로동역학및실험','전공선택','',3),(9010,'확률론적안전성평가','전공필수','',3),(9012,'원자로보호/감시','전공선택','',3),(9017,'산학협동강좌1','전공선택','',3),(9018,'산학협동강좌2','전공선택','',3),(9019,'광전자소자','전공선택','',3),(9020,'반도체나노소자','전공선택','',3),(9024,'산화물재료','전공선택','',3),(9029,'나노신소재종합설계2','전공선택','',3),(9030,'취업역량개발론','교양필수','역량강화',1),(9031,'한국현대사의이해','교양선택(1영역)','사상과역사',3),(9033,'독서토론','교양선택(2영역)','인성과도덕',2),(9034,'디자인이노베이션','교양선택(1영역)','융합과창업',2),(9035,'창업의이론과실제','교양선택(1영역)','융합과창업',3),(9040,'항공우주무기체계','전공필수','',2),(9045,'창업과기업가정신1','교양필수','역량강화',1),(9046,'글로벌잉글리쉬1(진로탐색)','교양선택(2영역)','지구촌의이해',2),(9047,'글로벌잉글리쉬2(진로탐색)','교양선택(2영역)','지구촌의이해',2),(9048,'글로벌잉글리쉬1(심화)','교양선택(2영역)','지구촌의이해',1),(9049,'글로벌잉글리쉬2(심화)','교양선택(2영역)','지구촌의이해',1),(9055,'IT-패션융합디자인','중핵필수선택','융합과창업',3),(9056,'STEAM으로접근한디지털미디어아트','중핵필수선택','융합과창업',3),(9057,'서양고전강독3','교양선택(1영역)','사상과역사',1),(9058,'서양고전강독4','교양선택(1영역)','사상과역사',1),(9060,'미디어빅뱅시대의기업과브랜드','교양선택(2영역)','사회와제도',3),(9061,'웰빙레저스포츠','교양선택(2영역)','예술과생활',2),(9063,'English for Professional Purposes 1','중핵필수','학문기초',2),(9064,'English for Professional Purposes 2','중핵필수','학문기초',2),(9065,'English Writing 1','교양필수','학문기초',2),(9066,'English Writing 2','교양필수','학문기초',2),(9067,'문제해결을위한글쓰기와발표','교양필수','학문기초',3),(9068,'서양철학:쟁점과토론','교양필수','인성과창의력',3),(9073,'English Speaking Strategies(TS) 1','교양선택(2영역)','지구촌의이해',2),(9074,'English Speaking Strategies(TS) 2','교양선택(2영역)','지구촌의이해',2),(9078,'전공일본어2','전공선택','',3),(9080,'일본사회입문','전공선택','',3),(9081,'고급일본어회화','전공선택','',3),(9083,'일문학강독1','전공선택','',3),(9087,'일문학과역사','전공필수','',3),(9090,'일본문화콘텐츠','전공선택','',3),(9091,'일본지역연구','전공필수','',3),(9093,'일본의명작읽기','전공선택','',3),(9095,'일문학강독3','전공선택','',3),(9097,'글로벌커뮤니케이션','전공선택','',3),(9099,'일본의근대문학','전공선택','',3),(9101,'일본언어문화론','전공선택','',3),(9103,'후생경제학','전공선택','',3),(9104,'국제통상학세미나','전공선택','',3),(9105,'행정철학과윤리','전공선택','',3),(9106,'정책사례분석','전공선택','',3),(9107,'공공거버넌스와네트워크','전공선택','',3),(9108,'NGO와시민참여','전공선택','',3),(9110,'중국무역실무','전공선택','',3),(9113,'경영학원론','전공선택','',3),(9114,'마케팅원론','전공선택','',3),(9118,'HRT프랜차이즈시스템및경영론','전공필수','',3),(9119,'식품유통물류관리','전공선택','',3),(9120,'HRT서비스경영론','전공선택','',3),(9121,'HRT프랜차이즈관련법규','전공선택','',3),(9123,'HRT프랜차이즈기업사례연구','전공선택','',3),(9125,'HRT프랜차이즈상권분석','전공선택','',3),(9127,'HRT소비자행동','전공선택','',3),(9128,'창업아이템개발및상품화계획','전공선택','',3),(9134,'HRT프랜차이즈컨설팅','전공선택','',3),(9138,'디스플레이광학','전공선택','',3),(9139,'반도체소자물리학','전공선택','',3),(9143,'응용화학연구및실험1','전공선택','',3),(9144,'응용화학연구및실험2','전공선택','',3),(9145,'크로마토그래피실습','전공선택','',3),(9146,'신재생에너지','전공선택','',3),(9157,'분자생물학2및실험','전공선택','',3),(9159,'자원식물학','전공선택','',3),(9161,'육종학및실험','전공필수','',3),(9163,'바이오자원공학1','전공선택','',3),(9165,'스트레스생물학','전공선택','',3),(9173,'정보보호와보안의기초','전공선택','',3),(9174,'어셈블리어','전공필수','',3),(9175,'보안경진대회트레이닝1','전공선택','',1),(9177,'소프트웨어공학과보안','전공선택','',3),(9179,'보안경진대회트레이닝2','전공선택','',1),(9180,'네트워크보안','전공선택','',3),(9181,'소프트웨어보안2','전공선택','',3),(9182,'리버싱1','전공선택','',3),(9183,'리버싱2','전공선택','',3),(9186,'특수구조개론','전공선택','',3),(9187,'부동산개발론','전공선택','',3),(9188,'디지털영상처리및실습','전공선택','',3),(9189,'공간DBMS및실습','전공선택','',3),(9190,'WebGIS및실습','전공선택','',3),(9194,'항공우주공학연구2','전공선택','',3),(9195,'항공우주응용SW2','전공선택','',3),(9196,'공학기초설계실험','전공선택','',3),(9197,'금속과세라믹기초실험','전공필수','',3),(9199,'반도체와고분자화학기초실험','전공필수','',3),(9202,'나노신소재창의연구2','전공선택','',3),(9203,'해양스포츠','전공필수','',1),(9204,'군사전자공학개론및실험','전공필수','',3),(9205,'함정공학개론','전공선택','',3),(9206,'마이크로콘트롤러응용','전공선택','',3),(9207,'전자전','전공선택','',3),(9208,'수중음향학','전공선택','',3),(9209,'미술경영','전공선택','',2),(9210,'멀티미디어와회화3','전공선택','',2),(9211,'멀티미디어와회화4','전공선택','',2),(9212,'제품및운송기기디자인1','전공필수','',3),(9213,'제품및운송기기디자인2','전공필수','',3),(9214,'제품및운송기기디자인3','전공선택','',3),(9215,'제품및운송기기디자인4','전공선택','',3),(9218,'공연의이해와감상','전공선택','',2),(9219,'공연연출실습','전공선택','',3),(9221,'프로덕션실습2','전공필수','',0),(9226,'컨템포러리발레1','전공선택','',1),(9227,'컨템포러리발레2','전공선택','',1),(9228,'발레워크샵1','전공선택','',2),(9229,'발레워크샵2','전공선택','',2),(9230,'캐릭터발레1','전공선택','',1),(9231,'캐릭터발레2','전공선택','',1),(9237,'와인과소물리에론','전공선택','',3),(9239,'항공우주응용SW1','전공선택','',3),(9244,'수리천문학','전공선택','',3),(9248,'캡스톤설계','전공선택','',3),(9249,'항공우주공학연구1','전공선택','',3),(9251,'중급미술심리치료','교양선택(2영역)','인성과도덕',3),(9252,'영상스토리텔링','교양선택(1영역)','융합과창업',3),(9253,'경영과학','전공선택','',3),(9254,'디지털경영론','전공선택','',3),(9255,'경영데이터관리','전공선택','',3),(9257,'CEO멘토링2','전공선택','',2),(9258,'브랜드관리','전공선택','',3),(9259,'K-Pop Music 1','교양선택(1영역)','세계와지구촌',3),(9261,'K-Pop Music 2','교양선택(1영역)','세계와지구촌',3),(9265,'K-Pop Dance 1','교양선택(1영역)','세계와지구촌',3),(9268,'K-Pop Dance 2','교양선택(1영역)','세계와지구촌',3),(9275,'경영정보보안및감사','전공선택','',3),(9277,'비즈니스커뮤니케이션1','전공선택','',3),(9278,'비즈니스커뮤니케이션2','전공선택','',3),(9282,'Leadership & Entrepreneurship in Korea','전공선택','',3),(9283,'Strategies for Asian Emerging Markets','전공선택','',3),(9286,'Asian Business Culture','전공선택','',3),(9287,'IT Industry in Korea','전공선택','',3),(9289,'Comparative Managment','전공선택','',3),(9290,'공군리더십','전공필수','',2),(9292,'항공우주시스템공학개론','전공필수','',3),(9293,'군사교리','전공필수','',3),(9294,'비행안전','전공선택','',3),(9302,'항공우주추진공학','전공선택','',3),(9303,'경제경영콘서트','중핵필수선택','융합과창업',3),(9304,'항공법','전공선택','',2),(9305,'항공작전','전공필수','',2),(9306,'항공전자시스템','전공선택','',3),(9308,'항공영어','전공선택','',2),(9310,'방위사업체계','전공선택','',2),(9314,'암반사면공학및실습','전공선택','',3),(9315,'자원개발공학및실습','전공선택','',3),(9317,'에너지지하저장설계및실습','전공선택','',3),(9318,'에너지자원공학세미나','전공선택','',3),(9320,'해양학개론','전공선택','',3),(9321,'기능성영양화학','전공선택','',3),(9324,'암생물학','전공선택','',3),(9326,'단백질공학','전공선택','',3),(9329,'식품가공기초','전공선택','',3),(9330,'식품공정학','전공선택','',3),(9331,'관능품질평가','전공선택','',3),(9335,'동물자원식품학','전공선택','',3),(9336,'저작권의이해','자유선택교양','사회와제도',3),(9343,'호텔및MICE법규','전공선택','',3),(9344,'Hospitality전략경영세미나','전공선택','',3),(9345,'English Speaking Strategies(O) 1','교양선택(2영역)','지구촌의이해',2),(9346,'English Speaking Strategies(O) 2','교양선택(2영역)','지구촌의이해',2),(9348,'바이오융합공학연구2','전공선택','',3),(9351,'관광산업의이해','전공선택','',3),(9352,'사고와표현1','교양필수','학문기초',3),(9353,'사고와표현2','교양필수','학문기초',3),(9354,'한국의언어와문화1','교양필수','학문기초',3),(9355,'한국의언어와문화2','교양필수','학문기초',3),(9356,'한국전통문화의이해','교양필수','인성과창의력',3),(9357,'서양철학의이해','교양필수','인성과창의력',3),(9360,'창업기회의발견과벤처파이낸싱','전공필수','',3),(9361,'사업계획서작성프로젝트','전공필수','',3),(9383,'컴퓨터를활용한기초통계','전공선택','',3),(9385,'호텔기업경영론','전공필수','',3),(9386,'호텔외식비즈니스의이해','전공선택','',3),(9387,'호텔외식원가관리','전공필수','',3),(9389,'호텔외식경영실무1','전공선택','',3),(9390,'호텔외식경영실무2','전공선택','',3),(9391,'외식기업경영론','전공필수','',3),(9392,'와인과소믈리에론','전공선택','',3),(9393,'호텔외식마케팅','전공필수','',3),(9394,'호텔외식프랜차이즈경영론','전공선택','',3),(9396,'호텔외식식품유통물류관리','전공선택','',3),(9397,'호텔외식경영실무3','전공선택','',3),(9398,'호텔외식경영실무4','전공선택','',3),(9399,'호텔외식경영실무5','전공선택','',3),(9400,'호텔외식경영실무6','전공선택','',3),(9401,'호텔외식경영실무7','전공선택','',3),(9402,'호텔외식경영실무8','전공선택','',3),(9404,'프랜차이즈기업사례연구','전공선택','',3),(9405,'호텔외식마케팅조사론','전공선택','',3),(9406,'호텔외식인적자원관리','전공선택','',3),(9407,'호텔외식관리회계','전공선택','',3),(9408,'호텔외식컨설팅','전공선택','',3),(9409,'호텔외식창업프로젝트','전공선택','',3),(9410,'호텔외식서비스경영론','전공선택','',3),(9416,'호텔외식식품위생관리','전공선택','',3),(9417,'화장품학','전공필수','',3),(9421,'피부미용학','전공필수','',3),(9423,'뷰티메이크업','전공선택','',3),(9424,'크리에이티브네일','전공선택','',3),(9426,'실무업스타일','전공선택','',3),(9427,'뷰티디자인실습','전공선택','',3),(9428,'전공실무연수5','전공선택','',3),(9433,'기초드라이실습','전공선택','',3),(9436,'전공실무연수4','전공선택','',3),(9437,'전공실무연수6','전공선택','',3),(9438,'전공실무연수7','전공선택','',3),(9439,'전공실무연수8','전공선택','',3),(9440,'모발과학','전공필수','',3),(9441,'피부미용기기관리실습','전공선택','',3),(9442,'패션메이크업','전공선택','',3),(9443,'살롱네일아트','전공선택','',3),(9444,'모발및두피관리','전공필수','',3),(9446,'메디컬스킨케어','전공선택','',3),(9447,'헤어컬러링','전공선택','',3),(9448,'아트메이크업','전공선택','',3),(9452,'창업과기업가정신2','교양선택(1영역)','융합과창업',1),(9453,'보컬트레이닝','교양선택(2영역)','예술과생활',3),(9454,'제품조형스튜디오','전공선택','',3),(9455,'경제학의이해','교양선택(1영역)','사회와문화',3),(9461,'디지털미디어디자인1','전공필수','',3),(9462,'디지털미디어디자인2','전공선택','',3),(9463,'디지털미디어디자인3','전공선택','',3),(9468,'해군장교현장실습3','전공필수','',0),(9469,'딕션3','전공선택','',2),(9470,'딕션4','전공선택','',2),(9471,'체임버뮤직1','전공선택','',3),(9472,'체임버뮤직2','전공선택','',3),(9473,'체임버뮤직3','전공선택','',3),(9474,'체임버뮤직4','전공선택','',3),(9475,'체임버뮤직5','전공선택','',3),(9476,'체임버뮤직6','전공선택','',3),(9477,'체임버뮤직7','전공선택','',3),(9478,'체임버뮤직8','전공선택','',3),(9479,'화성법및대위법1','전공선택','',3),(9480,'화성법및대위법2','전공선택','',3),(9482,'시창청음1','전공선택','',3),(9483,'시창청음2','전공선택','',3),(9484,'오페라워크샾1','전공선택','',1),(9485,'오페라워크샾2','전공선택','',1),(9486,'관현악문헌','전공선택','',3),(9487,'ES-콜로키움','전공필수','예술과생활',3),(9488,'ES-3D애니메이션SW의활용','전공선택','',3),(9489,'세계사:인간과문명','교양선택(1영역)','사상과역사',3),(9490,'영어의활용','전공선택','',3),(9491,'영문번역의첫걸음','전공선택','',3),(9492,'일본문화의이해','전공선택','',3),(9493,'리더십프로그램개발','전공선택','',3),(9494,'영어단어의형성','전공선택','',3),(9495,'중국어입문','전공선택','',3),(9497,'중급중국어연습1','전공선택','',3),(9498,'중급중국어연습2','전공선택','',3),(9499,'중국근현대사','전공필수','',3),(9500,'중국어독해','전공필수','',3),(9501,'중국어회화1','전공선택','',3),(9502,'중국어회화2','전공필수','',3),(9503,'중국지역문화','전공선택','',3),(9504,'영상중국어','전공선택','',3),(9506,'중국문학과문화','전공필수','',3),(9508,'자바프로그래밍','전공선택','',3),(9511,'통상중국어회화','전공선택','',3),(9512,'중국산업과금융','전공선택','',3),(9513,'동아시아경제론','전공선택','',3),(9514,'호텔관광산업의이해','전공선택','',3),(9515,'외식경영통계','전공선택','',3),(9518,'대칭키암호론','전공선택','',3),(9519,'외식서비스마케팅','전공선택','',3),(9520,'공개키암호론','전공필수','',3),(9521,'외식식품구매유통관리','전공선택','',3),(9522,'외식프랜차이즈경영론','전공선택','',3),(9526,'화학과소프트웨어','전공선택','',3),(9527,'외식마케팅컨설팅','전공선택','',3),(9528,'외식전략경영','전공선택','',3),(9530,'관숙비행','전공선택','',1),(9532,'비행역학','전공필수','',3),(9534,'항공생리훈련','전공필수','',1),(9538,'비행일반및체험비행','전공필수','',3),(9540,'이산자료처리및실습','전공필수','',3),(9541,'전산프로그래밍및실습','전공필수','',3),(9542,'드로잉','전공선택','',2),(9543,'인물화','전공필수','',3),(9545,'응용지구전자기학','전공필수','',3),(9546,'석유지질학','전공선택','',3),(9547,'지반정보시스템및실습','전공선택','',3),(9550,'광물금속자원학','전공선택','',3),(9551,'외식주방경영론','전공선택','',3),(9552,'푸드스타일링','전공선택','',3),(9558,'자원지질학','전공필수','',3),(9561,'지열에너지개발공학','전공선택','',3),(9562,'암석역학및실습','전공필수','',3),(9564,'암반공학설계및실습','전공선택','',3),(9565,'선광제련공학개론','전공필수','',3),(9566,'기계공학계측및실험','전공선택','',3),(9567,'원자력공학개론','전공필수','',3),(9568,'원자로열역학','전공선택','',3),(9569,'원자로공학1','전공선택','',3),(9570,'원자로공학2','전공선택','',3),(9571,'방사선계측및실험','전공필수','',3),(9572,'핵융합개론','전공선택','',3),(9573,'핵재료공학','전공선택','',3),(9574,'핵연료주기및폐기물관리','전공선택','',3),(9575,'원자력안전규제','전공선택','',3),(9576,'보건물리','전공선택','',3),(9577,'발전소계통공학','전공선택','',3),(9579,'방사선기술의응용','전공선택','',3),(9581,'원자로안전공학','전공필수','',3),(9586,'몬테카를로분석및방사선차폐','전공필수','',3),(9589,'크리에이티브커트','전공선택','',3),(9590,'원자력안전과물리적방호','전공선택','',3),(9591,'퍼스널이미지메이킹','전공선택','',3),(9592,'원자로보호및감시','전공선택','',3),(9593,'뷰티살롱테크닉실습1','전공선택','',3),(9594,'뷰티살롱테크닉실습2','전공선택','',3),(9595,'뷰티컬렉션리서치','전공선택','',3),(9596,'포트폴리오제작','전공선택','',3),(9598,'어드밴스드뷰티테크닉1','전공선택','',3),(9599,'어드밴스드뷰티테크닉2','전공선택','',3),(9600,'헌법1','전공필수','',3),(9601,'헌법2','전공선택','',3),(9602,'민법총칙','전공선택','',3),(9603,'물권법','전공필수','',3),(9604,'채권총론','전공선택','',3),(9605,'민사소송법1','전공필수','',3),(9606,'민사소송법2','전공선택','',3),(9607,'형사소송법','전공필수','',3),(9608,'형법총론','전공필수','',3),(9609,'형법각론','전공선택','',3),(9610,'한.표현기법','전공필수','',3),(9611,'초급중국어','전공선택','',3),(9612,'방사선과물질의상호작용','전공선택','',3),(9613,'호텔관광경영론','전공필수','',3),(9614,'호텔관광마케팅','전공필수','',3),(9615,'국제호텔관광세미나','전공선택','',3),(9616,'하폐수처리및실습','전공선택','',3),(9617,'세계주류문화의이해','전공선택','',3),(9618,'환경공학개론','전공필수','',3),(9620,'환경바이오공학','전공선택','',3),(9623,'호텔관광경제학','전공선택','',3),(9625,'호텔관광프랜차이즈경영론','전공선택','',3),(9626,'대기오염방지공학','전공필수','',3),(9627,'여행항공경영론','전공선택','',3),(9628,'호텔관광수익관리','전공선택','',3),(9629,'호텔관광커리어멘토링1','전공선택','',3),(9630,'호텔관광커리어멘토링2','전공선택','',3),(9631,'환경단위공정기초','전공선택','',3),(9632,'호텔관광e-business전략','전공선택','',3),(9633,'환경에너지','전공필수','',3),(9635,'벤처창업론','전공선택','',3),(9636,'환경에너지공간세미나','전공선택','',3),(9637,'호텔관광전략경영론','전공선택','',3),(9638,'환경에너지전문가과정연습','전공선택','',3),(9639,'Special Topics in Hospitality and Tourism Industry','전공선택','',3),(9645,'디지털패션CAD','전공선택','',3),(9646,'기초니트설계','전공선택','',3),(9647,'디지털패션디자인','전공선택','',3),(9648,'데이터분석과도표작성','전공선택','',3),(9649,'전자기1','전공필수','',3),(9650,'데이터통신설계','전공선택','',3),(9654,'전자정보통신공학특강A','전공선택','',3),(9655,'광통신공학','전공선택','',3),(9658,'전기회로실험','전공선택','',3),(9659,'전자기2','전공선택','',3),(9661,'반도체공정실험','전공선택','',3),(9662,'전자회로설계','전공선택','',3),(9663,'멀티미디어설계','전공선택','',3),(9665,'패턴인식','전공선택','',3),(9666,'마이크로컴퓨터실험','전공선택','',3),(9667,'기초유전공학','전공선택','',3),(9668,'바이오나노소재공학','전공선택','',3),(9671,'바이오폴리머공학','전공선택','',3),(9672,'생체신호전달','전공선택','',3),(9675,'식물기능유전체학','전공선택','',3),(9676,'항체공학','전공선택','',3),(9677,'식물대사공학','전공선택','',3),(9679,'응용균학','전공선택','',3),(9680,'나노생명공학','전공선택','',3),(9681,'식물분자육종학및실험','전공필수','',3),(9682,'발생학','전공선택','',3),(9683,'식물세포생물학','전공선택','',3),(9685,'진화의학','전공선택','',3),(9687,'인지뇌과학','전공선택','',3),(9688,'식물육종학및실험','전공필수','',3),(9693,'품종개발및보호출원','전공선택','',3),(9694,'물리학및실험입문1','전공필수','',4),(9695,'화훼학개론','전공선택','',3),(9696,'물리학및실험입문2','전공필수','',4),(9697,'일반유전학','전공선택','',3),(9698,'기초천문학및실험1','전공필수','',2),(9699,'기초천문학및실험2','전공필수','',2),(9700,'기초계산과학','전공선택','',3),(9702,'계산과학','전공선택','',3),(9703,'중력과상대론','전공선택','',3),(9704,'약용식물학','전공선택','',3),(9706,'일반생화학','전공선택','',3),(9707,'생명시스템공학입문','학문기초교양','생명과 과학',2),(9708,'기초생물통계학','전공선택','생명과자연',3),(9709,'자원식물공학','전공선택','',3),(9714,'항공군수산업2','전공선택','',2),(9715,'ES-문화예술과ICT','전공필수','',3),(9716,'ES-디지털스토리텔링','전공필수','',3),(9717,'ES-디지털사운드디자인','전공선택','',3),(9718,'ES-디지털영상의합성과편집','전공선택','',3),(9719,'ES-비주얼프로그래밍','전공필수','',3),(9720,'ES-영상처리소프트웨어','전공필수','',3),(9721,'ES-3D프린팅의실무와활용','전공선택','',3),(9723,'ES-콜라보레이션 크리에이티브','전공필수','',3),(9724,'ES-빅데이터시각화','전공선택','',3),(9726,'ES-미디어퍼포먼스프로젝트','전공필수','',3),(9727,'ES-인터렉티브미디어프로젝트','전공필수','',3),(9728,'ES-웨어러블컴퓨터디자인','전공필수','',3),(9729,'ES-엔터테인먼트SW프로젝트','전공필수','',3),(9730,'ES-창업을위한디지털패션디자인','전공필수','',3),(9733,'프로그래밍입문','중핵필수선택','자연과과학기술',3),(9737,'중국한류와문화콘텐츠','중핵필수선택','융합과창업',3),(9738,'서양종교의이해','교양선택(1영역)','사상과역사',3),(9739,'복지국가의이해','교양선택(1영역)','사회와문화',3),(9740,'동양의철학사상-노장과불교','교양선택(1영역)','사상과역사',3),(9749,'발성과발음','전공선택','',3),(9750,'레코딩실습1','전공선택','',3),(9751,'레코딩실습2','전공선택','',3),(9754,'리듬연구','전공선택','',3),(9757,'퍼포먼스워크샵2','전공선택','',3),(9759,'뮤직비지니스','전공선택','',3),(9760,'DJing','전공선택','',2),(9763,'제과·제빵실습2','전공선택','',3),(9764,'바리스타및음료실습1','전공선택','',3),(9765,'바리스타및음료실습2','전공선택','',3),(9768,'성의과학','교양선택(2영역)','생명과 과학',3),(9769,'국제개발협력과해외봉사','교양선택(2영역)','지구촌의이해',3),(9770,'호텔관광경영통계원론','전공필수','',3),(9771,'호텔관광조직인사관리론','전공필수','',3),(9772,'MICE산업론','전공선택','',3),(9773,'학교폭력예방의이론과실제','교직','',2),(9774,'이슬람의언어와문화','중핵필수선택','세계와지구촌',3),(9775,'동양종교의이해','교양선택(1영역)','사상과역사',3),(9776,'동양의철학사상-공맹과성리학','교양선택(1영역)','사상과역사',3),(9777,'동양고전과기업경영','중핵필수선택','사상과역사',3),(9778,'경영학의이해','교양선택(1영역)','사회와문화',3),(9780,'고전특강','교양선택(2영역)','인성과도덕',1),(9781,'해군장교현장실습4','전공필수','',0),(9782,'플랜트엔지니어링','중핵필수선택','융합과창업',3),(9783,'언어와생명체가들려주는미래사회이야기','중핵필수선택','융합과창업',3),(9784,'기후변화와창조경영','교양선택(1영역)','융합과창업',3),(9785,'공간마케팅','교양선택(1영역)','융합과창업',3),(9789,'프로그래밍입문-P','교양선택(1영역)','자연과과학기술',3),(9790,'고급프로그래밍입문-P','교양선택(1영역)','자연과과학기술',3),(9791,'고급프로그래밍입문-C','교양선택(1영역)','자연과과학기술',3),(9794,'졸업작품(P/NP)-종합설계','전공필수','',0),(9799,'소프트웨어기초코딩','교양선택(1영역)','자연과과학기술',3),(9800,'모의장비비행1','전공필수','',1),(9801,'모의장비비행2','전공선택','',1),(9802,'모의장비비행3','전공선택','',1),(9803,'모의장비비행4','전공선택','',1),(9804,'항공적성훈련','전공선택','',1),(9806,'문화유적현장실습1','전공필수','',1),(9807,'문화유적현장실습2','전공필수','',1),(9808,'문화유적현장실습3','전공필수','',1),(9809,'정부와행정','전공선택','',3),(9810,'스마트구조개론','전공선택','',3),(9811,'건축구조개론','전공필수','',3),(9812,'미분기하학개론','전공선택','',3),(9813,'건설환경종합설계','전공필수','',3),(9814,'기계학습(종합설계)','전공선택','',3),(9815,'기상대기과학','전공선택','',3),(9816,'상수처리및수질분석실험','전공선택','',3),(9818,'환경원격탐사','전공선택','',3),(9819,'응용통계학특강2(종합설계)','전공선택','',3),(9820,'천문관측및실습(종합설계)','전공선택','',3),(9821,'나노소자및광학실험(종합설계)','전공선택','',3),(9822,'고급전자회로실험(종합설계)','전공선택','',3),(9823,'물리탐사모니터링','전공선택','',3),(9824,'기계공학계측및실험1','전공선택','',3),(9827,'식품냉동학','전공선택','',3),(9829,'식품가공학및실험(종합설계)','전공선택','',3),(9830,'식품개발및실험(종합설계)','전공선택','',3),(9833,'항공제도및CAD','전공선택','',3),(9834,'항공기설계','전공선택','',3),(9835,'종합설계1','전공선택','',3),(9836,'종합설계2','전공선택','',3),(9837,'바이오재료공학','전공선택','',3),(9838,'원자력기계공학기초','전공필수','',3),(9841,'분자병리학','전공선택','',3),(9844,'바이오융합공학캡스톤디자인','전공선택','',3),(9846,'원자력발전소구조해석','전공선택','',3),(9847,'원자력고등수학','전공선택','',3),(9848,'원자력발전및방사선실무','전공선택','',3),(9850,'종합설계A','전공선택','',3),(9851,'종합설계B','전공선택','',3),(9852,'핵연료성능평가','전공선택','',3),(9853,'모의장비이론및실습','전공필수','',3),(9855,'재배학및실습','전공선택','',3),(9856,'바이오자원공학및실습','전공선택','',3),(9857,'분자생물학및실험','전공선택','',3),(9862,'식물생리학및실험(종합설계)','전공필수','',3),(9863,'생화학및실험(종합설계)','전공필수','',3),(9864,'식물유전공학및실험(종합설계)','전공필수','',3),(9865,'식물육종학및실험(종합설계)','전공필수','',3),(9867,'Global Marketing','전공선택','',3),(9869,'Marketing Practices in Asia','전공선택','',3),(9871,'International Retailing','전공선택','',3),(9872,'중급회계1','전공선택','',3),(9873,'중급회계2','전공선택','',3),(9875,'Global Supply Chain Management and Sourcing','전공선택','',3),(9877,'Practices of Innovation in Korea','전공선택','',3),(9878,'프랜차이즈시스템관리','전공선택','',3),(9881,'비즈니스모델','전공선택','',3),(9883,'Global Business Negotiation','전공선택','',3),(9884,'마케팅사례','전공선택','',3),(9886,'기업지배구조와회계부정','전공선택','',3),(9888,'축제경영연구','전공선택','',3),(9890,'호텔관광조직인적자원관리론','전공필수','',3),(9891,'서비스스케줄링','전공선택','',3),(9893,'지역관광계획개발론','전공선택','',3),(9894,'기초카지노경영실무','전공선택','',3),(9896,'국제회의및이벤트기획','전공선택','',3),(9897,'고급카지노경영실무','전공선택','',3),(9904,'호텔관광사례연구세미나','전공선택','',3),(9905,'호텔관광기업가정신과리더쉽','전공선택','',3),(9907,'행정과경제','전공선택','',3),(9908,'조직론1','전공필수','',3),(9909,'조직론2','전공선택','',3),(9910,'정치와행정','전공선택','',3),(9911,'대화와가십','전공선택','',3),(9912,'C프로그래밍및실습','전공필수','',4),(9913,'고급C프로그래밍및실습','전공필수','',4),(9914,'공학설계기초(산학프로젝트입문)','전공필수','',3),(9917,'실용음악감상법','전공선택','',3),(9918,'실용음악합주1','전공선택','',3),(9919,'실용음악합주2','전공선택','',3),(9920,'실용음악합주3','전공선택','',3),(9921,'실용음악합주4','전공선택','',3),(9922,'실용음악합주5','전공선택','',3),(9923,'실용음악합주6','전공선택','',3),(9926,'미디기초및기초악전(사보)','전공선택','',3),(9927,'컴퓨터음악1','전공선택','',3),(9928,'컴퓨터음악2','전공선택','',3),(9930,'반주문헌1','전공선택','',3),(9931,'반주문헌2','전공선택','',3),(9932,'레코딩실습3','전공선택','',3),(9933,'레코딩실습4','전공선택','',3),(9934,'빅데이터와행정분석','전공선택','',3),(9935,'통계패키지와행정분석','전공선택','',3),(9936,'Technical Writing기초','교양선택(1영역)','자연과과학기술',2),(9937,'공간과인간:인문,예술,공학의융합','교양선택(1영역)','융합과창업',3),(9938,'동서양고전문학강독','교양선택(1영역)','사상과역사',1),(9939,'동서양종교의이해','교양선택(1영역)','사상과역사',3),(9940,'정치와생활','자유선택교양','사회와제도',3),(9941,'창작패턴종합설계','전공선택','',3),(9942,'제품디자인스튜디오1','전공필수','',3),(9943,'제품디자인스튜디오2','전공선택','',3),(9944,'디자인경영','전공선택','',2),(9945,'UX디자인1','전공선택','',2),(9946,'UX디자인2','전공선택','',3),(9947,'캡스톤디자인A','전공선택','',3),(9948,'캡스톤디자인B','전공선택','',3),(9952,'자료구조및실습','전공필수','',4),(9954,'알고리즘및실습','전공필수','',4),(9955,'이산수학및프로그래밍','전공선택','',3),(9956,'문제해결및실습:JAVA','전공선택','',3),(9957,'오픈소스SW개론','전공필수','',3),(9958,'오픈소스SW설계','전공필수','',3),(9959,'확률통계및프로그래밍','전공선택','',3),(9960,'Capstone디자인(산학협력프로젝트)','전공필수','',6),(9961,'선형대수및프로그래밍','전공선택','',3),(9966,'소프트웨어특강1','전공선택','',3),(9967,'특허와창업','전공선택','',3),(9971,'컴퓨터비전시스템','전공선택','',3),(9972,'ES-기초프로그래밍','전공선택','',3),(9973,'소프트웨어특강2','전공선택','',3),(9975,'금융법입문','전공선택','',3),(9976,'기초연기1(근육과감각훈련)','전공필수','',3),(9977,'개별창의연구1','전공필수','',0),(9978,'개별창의연구2','전공필수','',0),(9981,'English Listening','교양선택(2영역)','지구촌의이해',2),(9982,'English Reading','교양선택(2영역)','지구촌의이해',2),(9983,'기초컴퓨터네트워크','전공필수','',3),(9984,'웹해킹과보안','전공선택','',3),(9987,'임베디드시스템및보안','전공선택','',3),(9988,'데이터베이스및보안','전공선택','',3),(9989,'시스템해킹과보안','전공필수','',3),(9992,'문제해결및실습:C++','전공선택','',3),(9993,'SW설계기초(산학프로젝트입문)','전공필수','',3),(9995,'고급실시간그래픽스','전공선택','',3),(9996,'데이터분석','전공선택','',3),(10000,'기계학습','전공선택','',3),(10003,'공간연구1','전공선택','',2),(10004,'공간연구2','전공선택','',2),(10009,'디자인창업','전공선택','',2),(10010,'남성복캡스톤디자인','전공선택','',3),(10011,'창작의상캡스톤디자인','전공필수','',3),(10012,'디지털패션캡스톤디자인','전공선택','',3),(10013,'니트캡스톤디자인','전공선택','',3),(10015,'패션소재기획종합설계','전공선택','',3),(10016,'패션컬렉션종합설계','전공선택','',3),(10018,'패션코디네이션종합설계','전공선택','',3),(10021,'실용음악공연워크샵2','전공선택','',3),(10022,'실용음악제작','전공선택','',3),(10023,'대중음악사','전공선택','',3),(10024,'실용음악화성학1','전공선택','',3),(10026,'실용음악분석법1','전공선택','',3),(10028,'월드뮤직연구','전공선택','',3),(10030,'퍼포먼스워크샵4','전공선택','',3),(10031,'재즈음악사','전공선택','',3),(10033,'음악극워크샵','전공선택','',3),(10036,'무용테크놀로지워크샵','전공선택','',2),(10037,'사운드프로덕션-종합설계','전공선택','',3),(10038,'산학협력만화캡스톤디자인','전공선택','',3),(10039,'산학실무애니메이션캡스톤디자인','전공선택','',3),(10041,'애니메이션워크샵-종합설계1','전공선택','',3),(10042,'애니메이션워크샵-종합설계2','전공선택','',3),(10043,'만화워크샵-종합설계1','전공선택','',3),(10044,'만화워크샵-종합설계2','전공선택','',3),(10045,'프로덕션디자인-캡스톤디자인','전공선택','',2),(10046,'분석과드라마트루기','전공선택','',2),(10047,'기초연기2(감성과체험훈련)','전공필수','',3),(10048,'공연프로덕션실습2','전공필수','',0),(10049,'화술트레이닝1','전공선택','',2),(10050,'화술트레이닝2','전공선택','',3),(10051,'Movement와몸언어2(전통연희)','전공선택','',2),(10052,'Movement와몸언어1(댄스)','전공선택','',2),(10053,'편집','전공선택','',2),(10054,'텍스트와연기실습1','전공필수','',3),(10055,'텍스트와연기실습2','전공필수','',3),(10056,'공연프로덕션실습1','전공필수','',0),(10057,'연기실습콜라보레이션2-종합설계','전공선택','',3),(10058,'연기실습콜라보레이션1','전공선택','',3),(10059,'영화장르연구','전공선택','',3),(10064,'문화예술융합창업마케팅','전공필수','',3),(10065,'창업기업의성장과재무','전공필수','',3),(10066,'기술발전과미래동향','전공선택','',3),(10068,'창업시장조사','전공선택','',3),(10070,'창업아이디어의사업화1','전공선택','',3),(10071,'창업아이디어의사업화2','전공선택','',3),(10072,'창업아이디어의사업화3','전공선택','',3),(10073,'창업실무의이해1','전공선택','',3),(10074,'창업실무의이해2','전공선택','',3),(10075,'특허기술사업화','전공선택','',3),(10076,'소셜벤처의이론과실제','중핵필수선택','융합과창업',3),(10079,'금속과세라믹기초설계및실험','전공필수','',3),(10080,'반도체와고분자화학기초설계및실험','전공필수','',3),(10081,'나노신소재창의연구1(종합설계)','전공필수','',3),(10082,'나노신소재창의연구2(종합설계)','전공선택','',3),(10083,'취업전략및사회진출','교양선택(1영역)','사회와문화',2),(10084,'오픈소스SW공학','전공선택','',3),(10085,'GMSW-IT기술영작문(기초)','전공필수','',3),(10086,'GMSW-NLE영상편집','전공필수','',3),(10087,'GMSW-빅데이터와영어텍스트마이닝','전공필수','',3),(10088,'GMSW-콜로키움','전공선택','',3),(10089,'GMSW-크로스미디어매체기획SW실습','전공선택','',3),(10090,'GMSW-자연어처리와프로그래밍언어','전공필수','',3),(10091,'GMSW-IT기술영작문(심화)','전공선택','',3),(10092,'GMSW-영상프로덕션','전공선택','',3),(10093,'GMSW-디지털매체광고제작','전공필수','',3),(10096,'GMSW-EFL과빅데이터','전공필수','',3),(10097,'GMSW-미디어빅데이터분석','전공필수','',3),(10098,'GMSW-IT기술을활용한로컬라이제이션','전공필수','',3),(10100,'GMSW-영어데이터프로젝트','전공선택','',3),(10101,'GMSW-포스트영상프로덕션','전공선택','',3),(10102,'Services Marketing in a Global Context','전공선택','',3),(10103,'Practices of Venture Business in Korea','전공선택','',3),(10104,'Business Research Methods','전공선택','',3),(10105,'원자력법령','전공선택','',3),(10106,'저작권법입문','전공선택','',3),(10107,'소프트웨어저작권법','전공선택','',3),(10108,'주제탐구와발표(SHP)','중핵필수선택','사회와문화',1),(10109,'컨텐츠산업동향의이해','중핵필수선택','융합과창업',3),(10110,'문화콘텐츠와성서','교양선택(2영역)','인성과도덕',2),(10111,'졸업연구및진로1','전공선택','',1),(10112,'졸업연구및진로2','전공선택','',1),(10113,'SM-소셜미디어개론','전공필수','',3),(10114,'SM-소셜미디어마케팅','전공필수','',3),(10116,'SM-소셜미디어서비스기획','전공필수','',3),(10117,'SM-소셜미디어기초프로그래밍','전공필수','',3),(10118,'SM-디지털영상의합성과편집','전공선택','',3),(10119,'SM-소셜미디어분석','전공필수','',3),(10120,'SM-소셜웹프로그래밍','전공선택','',3),(10122,'SM-소셜미디어운영전략','전공필수','',3),(10125,'SM-소셜미디어프로젝트','전공필수','',6),(10128,'SM-소셜인텔리전스','전공선택','',3),(10130,'경영기초수학','전공선택','',3),(10131,'경영기초영어','전공선택','',3),(10132,'유니스토리','교양선택(1영역)','자연과과학기술',3),(10133,'Relations between North and South Korea','교양선택(1영역)','사회와문화',3),(10134,'Korean Politics','교양선택(2영역)','사회와제도',3),(10135,'재난대응과안전리더십','교양선택(2영역)','사회와제도',1),(10136,'K-MOOC:정보보호와보안의기초','교양선택(1영역)','자연과과학기술',3),(10137,'K-MOOC:4차산업혁명과사물인터넷입문','중핵필수선택','자연과과학기술',1),(10138,'서비스매너','전공선택','',3),(10140,'일변수미적분학','학문기초교양','생명과 과학',3),(10141,'다변수미적분학','학문기초교양','생명과 과학',3),(10142,'데이터분석개론','전공필수','',3),(10143,'데이터시각화','전공선택','',3),(10145,'데이터문제해결및실습1','전공선택','',3),(10152,'한국음식의이해','전공선택','',3),(10154,'조리기초실무','전공선택','',3),(10157,'한식조리실습','전공선택','',3),(10158,'글로벌식재료연구','전공선택','',3),(10161,'식품관련법규','전공선택','',3),(10162,'양식조리실습','전공선택','',3),(10165,'레스토랑주방시설관리론','전공선택','',3),(10167,'글로벌동양요리실습','전공필수','',3),(10172,'글로벌서양요리실습','전공필수','',3),(10173,'외식원가관리','전공필수','',3),(10183,'호텔관광의사결정방법론','전공선택','',3),(10184,'호텔관광데이터분석','전공선택','',3),(10189,'HRT프랜차이즈마케팅','전공선택','',3),(10191,'연회기획및케이터링경영론','전공선택','',3),(10192,'음식관광기획론','전공선택','',3),(10194,'호텔연회기획과케이터링경영','전공선택','',3),(10196,'동물생명식품학','전공선택','',3),(10197,'식품분자생물학및실험','전공선택','',3),(10198,'식품공정학및실험','전공선택','',3),(10199,'식품생명공학연구실습','전공선택','',3),(10200,'식품기기분석','전공선택','',3),(10201,'발효생명공학','전공선택','',3),(10203,'최신식품생명동향연구','전공선택','',3),(10206,'일반물리및시뮬레이션','전공선택','',3),(10209,'지하유체환경학','전공선택','',3),(10211,'장교직무교육세미나1','전공필수','',0),(10212,'장교직무교육세미나2','전공필수','',0),(10213,'장교직무교육세미나3','전공필수','',0),(10214,'장교직무교육세미나4','전공필수','',0),(10215,'장교직무교육세미나5','전공필수','',0),(10216,'장교직무교육세미나6','전공필수','',0),(10217,'장교직무교육세미나7','전공필수','',0),(10218,'장교직무교육세미나8','전공필수','',0),(10222,'음향학','전공선택','',3),(10223,'창의융합노마드','전공필수','',3),(10224,'창의SW기초설계','전공필수','',3),(10225,'반도체소자','전공선택','',3),(10226,'동적시스템모델링','전공선택','',3),(10227,'컴퓨터구조및운영체제','전공선택','',3),(10228,'반도체공정','전공선택','',3),(10229,'앱프로그래밍','전공선택','',3),(10230,'사물인터넷','전공선택','',3),(10231,'스마트디스플레이','전공선택','',3),(10232,'센서소자및시스템','전공선택','',3),(10237,'AI로봇설계','전공선택','',3),(10239,'머신비전시스템','전공선택','',3),(10243,'유체공기역학','전공선택','',3),(10245,'무인비행체제어','전공선택','',3),(10247,'무인비행체제어실습','전공선택','',3),(10252,'동아시아고대사','전공선택','',3),(10253,'역사학개론','전공필수','',3),(10254,'서양근대사','전공필수','',3),(10255,'동아시아근세사','전공선택','',3),(10256,'한국근대사','전공필수','',3),(10257,'동아시아근대사','전공선택','',3),(10258,'쟁점한국사','전공선택','',3),(10259,'한국사상·문화사','전공선택','',3),(10260,'20세기현대사','전공선택','',3),(10261,'커뮤니케이션통계실무','전공필수','',3),(10262,'뉴스큐레이션','전공선택','',3),(10265,'토질역학1','전공필수','',3),(10266,'토질역학2','전공선택','',3),(10267,'철근콘크리트공학1','전공필수','',3),(10268,'철근콘크리트공학2','전공선택','',3),(10269,'수리학','전공선택','',3),(10270,'발레사','전공선택','',2),(10272,'공연기획과실습','전공선택','',2),(10273,'건축구조역학','전공선택','',3),(10274,'라이프드로잉','전공필수','',3),(10275,'비쥬얼씽킹','전공선택','',3),(10277,'디지털드로잉','전공필수','',3),(10278,'창의융합노마드(P/NP)','전공필수','',3),(10279,'내러티브워크샵','전공선택','',3),(10280,'만화제작','전공선택','',3),(10281,'애니메이션액팅1','전공선택','',3),(10282,'애니메이션액팅2','전공선택','',3),(10285,'디지털제작과제연구(P/NP)','전공선택','',3),(10286,'만화연출','전공선택','',3),(10287,'비주얼프로그래밍','전공선택','',3),(10289,'3D애니메이션종합설계1','전공선택','',3),(10290,'3D애니메이션종합설계2','전공선택','',3),(10298,'애니메이션코어스튜디오1','전공필수','',3),(10299,'애니메이션코어스튜디오2','전공필수','',3),(10300,'웹툰커넥션프로덕션1','전공필수','',3),(10301,'웹툰커넥션프로덕션2','전공필수','',3),(10306,'2D디자인','전공필수','',3),(10307,'3D디자인','전공필수','',3),(10309,'프로덕트디자인1','전공선택','',3),(10310,'프로덕트디자인2','전공선택','',3),(10311,'비주얼커뮤니케이션디자인1','전공선택','',3),(10312,'비주얼커뮤니케이션디자인2','전공선택','',3),(10313,'웹프로그래밍&웹퍼블리싱','전공선택','',3),(10314,'디자인인모션1','전공선택','',3),(10315,'디자인인모션2','전공선택','',3),(10316,'자기주도형전공설계1','전공선택','',2),(10317,'자기주도형전공설계2','전공선택','',2),(10322,'언어데이터와텍스트마이닝','전공선택','',3),(10323,'코퍼스속의영어어휘','전공선택','',3),(10324,'멀티미디어영어교육론','전공선택','',3),(10325,'IT기반로컬라이제이션','전공선택','',3),(10326,'언어과학','전공선택','',3),(10327,'기초3D그래픽스','전공선택','',3),(10328,'프로덕트조형스튜디오','전공선택','',3),(10329,'프로덕트&모빌리티디자인1','전공선택','',3),(10330,'프로덕트&모빌리티디자인2','전공선택','',3),(10333,'스마트프로덕트디자인1','전공선택','',3),(10334,'스마트프로덕트디자인2','전공선택','',3),(10335,'3D그래픽어플리케이션','전공선택','',3),(10336,'인포그래픽','전공선택','',3),(10337,'디지털미디어디자인','전공선택','',3),(10338,'디자인비즈니스&매니지먼트','전공선택','',3),(10343,'디지털미디어프로젝트1','전공선택','',3),(10344,'디지털미디어프로젝트2','전공선택','',3),(10347,'SM-소셜비즈니스모델','전공선택','',3),(10348,'정치와정책','전공선택','',3),(10349,'국제개발과협력','전공선택','',3),(10351,'대학생활과진로설계','교양필수','역량강화',1),(10352,'English Listening Practice 1','교양필수','학문기초',2),(10353,'English Listening Practice 2','교양선택(2영역)','지구촌의이해',2),(10354,'English Reading Practice 1','교양필수','학문기초',2),(10355,'English Reading Practice 2','교양선택(2영역)','지구촌의이해',2),(10356,'대학생을위한실용금융','교양선택(2영역)','사회와제도',2),(10357,'수요집현강좌','교양선택(1영역)','융합과창업',1),(10358,'행복한가정만들기','교양선택(2영역)','인성과도덕',3),(10359,'SHP고전강좌:Reading Intellectus 1','교양선택(1영역)','사상과역사',3),(10360,'청년에게들려주는통일이야기','교양선택(1영역)','사상과역사',1),(10361,'먹고즐기는자연','교양선택(2영역)','생명과 과학',3),(10362,'푸른바다생물이야기','교양선택(2영역)','생명과 과학',3),(10363,'곤충의새로운가치','교양선택(2영역)','생명과 과학',3),(10365,'언어데이터와텍스트마이닝','전공선택','',3),(10366,'인지체계와의사소통능력','전공선택','',3),(10367,'미래융합:캡스톤디자인','전공선택','',3),(10368,'일본어A1','전공선택','',3),(10369,'일본어A2','전공선택','',3),(10370,'일본어B1','전공선택','',3),(10371,'일본어B2','전공선택','',3),(10372,'문화콘텐츠와인문학','전공선택','',3),(10373,'일본어작문','전공선택','',3),(10374,'일본어강독','전공선택','',3),(10376,'일본기업경영론','전공선택','',3),(10377,'일본어회화','전공선택','',3),(10378,'일본경제세미나','전공선택','',3),(10379,'일본어학개론','전공필수','',3),(10382,'일본문학개론','전공선택','',3),(10385,'세계화와국제관계','전공선택','',3),(10386,'시장경제의원리','전공선택','',3),(10387,'거시경제의이해','전공필수','',3),(10388,'동아시아문화비교론','전공선택','',3),(10389,'아시아태평양시장마케팅론','전공선택','',3),(10390,'무역실무와e트레이드','전공선택','',3),(10391,'상업교과교육론','전공선택','',3),(10392,'상업교과교재연구및지도법','전공선택','',3),(10393,'상업논리및논술','전공선택','',3),(10394,'연주7','전공필수','',2),(10395,'연주8','전공필수','',2),(10396,'K-MOOC:알기쉬운드론항법제어','자유선택교양','생명과 과학',3),(10402,'인간과우주','교양선택(1영역)','자연과과학기술',3),(10403,'동양사상산책','교양선택(2영역)','인성과도덕',3),(10404,'유대인의창의성과리더십','교양선택(2영역)','인성과도덕',3),(10405,'철학오딧세이','자유선택교양','인성과도덕',3),(10406,'인물로보는세계사','교양선택(2영역)','역사와문화',3),(10407,'시사로보는경제이야기','교양선택(2영역)','사회와제도',3),(10408,'Technical Writing실무','자유선택교양','지구촌의이해',2),(10409,'K-MOOC:게임인공지능','중핵필수선택','자연과과학기술',1),(10410,'K-MOOC:웨어러블컴퓨터디자인','교양선택(1영역)','융합과창업',1),(10411,'K-MOOC:모빌리티디자인방법론','교양선택(2영역)','예술과생활',1),(10412,'K-MOOC:콘텐츠산업의비즈니스전략','교양선택(1영역)','융합과창업',3),(10413,'자기주도창의교양Ⅰ','교양선택(1영역)','융합과창업',1),(10414,'자기주도창의교양Ⅱ','교양선택(1영역)','융합과창업',2),(10415,'자기주도창의교양Ⅲ','교양선택(1영역)','융합과창업',3),(10416,'자기주도창의교양Ⅳ','교양선택(1영역)','융합과창업',3),(10417,'자기주도창의교양Ⅴ','교양선택(1영역)','융합과창업',3),(10418,'자기주도창의전공Ⅰ','전공선택','',3),(10419,'자기주도창의전공Ⅱ','전공선택','',3),(10420,'자기주도창의전공Ⅲ','전공선택','',3),(10421,'자기주도창의전공Ⅳ','전공선택','',3),(10422,'K-MOOC:파이썬을이용한빅데이터분석','전공선택','',3),(10423,'SM-소셜HCI','전공필수','',3),(10424,'SM-소프트웨어상품혁신론','전공선택','',3),(10425,'ES-엔터테인먼트SW미디어프로젝트','전공필수','',6),(10426,'두뇌로알아보는우리의삶','중핵필수선택','융합과창업',3),(10427,'SHP고전강좌:Reading Intellectus 2','교양선택(1영역)','사상과역사',3),(10428,'커피학개론','전공선택','',3),(10434,'의사소통교육론','전공선택','',3),(10438,'식물분자육종학','전공필수','',3),(10440,'문제해결기법','전공선택','',3),(10442,'마음,뇌,교육','전공선택','',3),(10443,'사이버전개론','전공선택','',3),(10444,'보안경진대회트레이닝','전공선택','',1),(10448,'빅데이터론','전공선택','',3),(10449,'파생금융상품론','전공선택','',3),(10450,'부동산자산경제론','전공선택','',3),(10452,'정보통신경제학','전공선택','',3),(10456,'금융경제세미나','전공선택','',3),(10457,'안보경제론','전공선택','',3),(10459,'인구와경제','전공선택','',3),(10460,'소프트웨어교육1','전공선택','',3),(10462,'건축경제학','전공선택','',3),(10463,'항공군수산업','전공선택','',1),(10464,'일반비행절차','전공필수','',1),(10465,'어플리케이션기획','전공선택','',3),(10467,'영상콘텐츠제작기초','전공선택','',3),(10469,'통합마케팅커뮤니케이션기획','전공선택','',3),(10470,'디지털저널리즘','전공선택','',3),(10471,'PR론','전공선택','',3),(10472,'SNS전략커뮤니케이션','전공선택','',3),(10473,'PR캠페인기획','전공선택','',3),(10474,'콘텐츠글쓰기','전공선택','',3),(10476,'IMC전략과소비자','전공선택','',3),(10481,'ES-디지털다큐멘터리','전공선택','',3),(10483,'GMSW-글로벌시장과일본문화콘텐츠','전공선택','',3),(10484,'GMSW-오픈소스와언어분석','전공필수','',3),(10485,'GMSW-융합디자인세미나','전공필수','',3),(10486,'금융위험관리','전공선택','',3),(10487,'국제재무','전공선택','',3),(10488,'재무분석및가치평가','전공선택','',3),(10489,'R을이용한정보활용','전공선택','',3),(10490,'정보분석과의사결정','전공선택','',3),(10492,'비즈니스애널리틱스','전공선택','',3),(10493,'조직과의사결정','전공선택','',3),(10494,'Introduction to Finance','전공선택','',3),(10496,'비즈니스세미나','전공선택','',3),(10497,'Global Human Resource Management','전공선택','',3),(10498,'Practices of Innovation in a Global Context','전공선택','',3),(10499,'Practices of Venture Creation','전공선택','',3),(10500,'모델링&텍스처링','전공선택','',3),(10502,'컬러&라이팅','전공선택','',3),(10503,'리깅&애니메이션','전공선택','',3),(10504,'GMSW-미디어네트워크분석','전공선택','',3),(10505,'유기전자소자','전공선택','',3),(10506,'광전자소자와디스플레이','전공선택','',3),(10517,'동아시아근현대사','전공필수','',3),(10518,'중한독해','전공필수','',3),(10520,'중한회화연습2','전공필수','',3),(10528,'컴퓨팅사고기반기초코딩','교양선택(1영역)','자연과과학기술',3),(10529,'Technical Writing기초2','중핵필수선택','자연과과학기술',2),(10530,'SHP고전강좌:Writing Intellectus 1','교양선택(1영역)','사상과역사',3),(10531,'세계시민정신','교양선택(1영역)','세계와지구촌',3),(10532,'아시아공동체의이해','교양선택(1영역)','세계와지구촌',2),(10534,'학교폭력예방및학생의이해','교직','',2),(10535,'K-MOOC:이동통신의원리와응용','전공선택','',3),(10536,'지능형웹툰소프트웨어실무제작','전공선택','',3),(10537,'지능형웹툰스토리텔링워크샵','전공선택','',3),(10538,'융합적사고','교양선택(1영역)','융합과창업',3),(10539,'애지헌강좌1','교양필수','인성과창의력',1),(10540,'애지헌강좌2','교양선택(1영역)','사상과역사',1),(10541,'SHP고전강좌:Writing Intellectus 2','교양선택(1영역)','사상과역사',3),(10542,'K-MOOC:일반인을위한물리코딩','교양선택(2영역)','생명과 과학',1),(10543,'K-MOOC:코딩과스토리텔링','교양선택(1영역)','자연과과학기술',1),(10544,'K-MOOC:빅데이터와텍스트마이닝','중핵필수선택','융합과창업',1),(10546,'ST-의사결정방법론','전공필수','',3),(10547,'매체언어론','전공필수','',3),(10557,'신소재화학','전공선택','',3),(10558,'융복합화학','전공선택','',3),(10560,'창의SW융합노마드','전공선택','',3),(10563,'의사결정분석','전공선택','',3),(10570,'고급기계학습','전공선택','',3),(10579,'3D제작도구2','전공선택','',3),(10580,'3D제작도구1','전공선택','',3),(10585,'3D제작스튜디오1','전공선택','',3),(10586,'3D제작스튜디오2','전공선택','',3),(10603,'린스타트업','전공필수','',3),(10604,'창업캡스톤','전공필수','',3),(10605,'디자인씽킹','전공필수','',3),(10608,'소셜벤처','전공선택','',3),(10611,'ES-엔터테인먼트SW미디어프로젝트캡스톤디자인','전공필수','',6),(10612,'SM-캡스톤디자인','전공필수','',6),(10614,'토질역학','전공필수','',3),(10616,'비즈니스프로세스관리','전공선택','',3),(10618,'조직의이해','전공선택','',3),(10620,'생산관리','전공필수','',3),(10622,'Capstone디자인A(융합프로덕트종합설계)','전공선택','',6),(10623,'Capstone디자인B(융합프로덕트종합설계)','전공선택','',6),(10625,'ST-스마트투어리즘경영론','전공필수','',3),(10628,'ST-알고리즘','전공선택','',3),(10629,'ST-데이터분석및시각화','전공필수','',3),(10630,'ST-수익관리','전공필수','',3),(10631,'ST-자료구조/데이터베이스','전공선택','',3),(10632,'ST-사례연구','전공선택','',3),(10634,'ST-컨설팅방법론','전공필수','',3),(10636,'ST-캡스톤디자인','전공필수','',6),(10640,'오케스트라및앙상블1','전공선택','',2),(10641,'실용건반화성','전공선택','',3),(10642,'오케스트라및앙상블3','전공선택','',2),(10643,'오케스트라및앙상블7','전공선택','',2),(10644,'오케스트라및앙상블6','전공선택','',2),(10645,'오케스트라및앙상블5','전공선택','',2),(10646,'오케스트라및앙상블2','전공선택','',2),(10647,'오케스트라및앙상블4','전공선택','',2),(10649,'오케스트라및앙상블8','전공선택','',2),(10650,'재즈피아노','전공선택','',3),(10651,'진로오딧세이','교양선택(1영역)','융합과창업',1),(10652,'SHP고전강좌:Building Intellectus 1','교양선택(1영역)','사상과역사',3),(10653,'안보학','무관후보생교육','',2),(10654,'안전및조직관리사례연구','무관후보생교육','',2),(10655,'조직리더십','무관후보생교육','',2),(10656,'조직리더십사례연구','무관후보생교육','',2),(10657,'유체역학및연습','전공필수','',3),(10662,'메카트로닉스종합설계','전공선택','',3),(10663,'SHP고전강좌:Building Intellectus 2','교양선택(1영역)','사상과역사',1),(10664,'기술과창업','교양선택(1영역)','융합과창업',3),(10665,'빅데이터로세상보기','중핵필수선택','사회와문화',3),(10666,'세종인을위한오케스트라첫걸음','교양선택(2영역)','예술과생활',2),(10667,'인문지리학의이해','교양선택(1영역)','사회와문화',3),(10668,'자연지리학의이해','교양선택(1영역)','자연과과학기술',3),(10669,'한국전쟁을통해보는한국의이해','교양선택(1영역)','사상과역사',3),(10670,'코믹스캡스톤디자인','전공선택','',3),(10671,'디지털애니메이션디렉팅2','전공선택','',3),(10672,'이펙트디자인2','전공선택','',3),(10673,'디지털코믹스제작2','전공필수','',3),(10674,'영상컨셉디자인','전공필수','',3),(10675,'기술융합형콘텐츠실무제작1','전공선택','',3),(10676,'기술융합형콘텐츠스토리텔링워크샵1','전공선택','',3),(10679,'SFM 딥러닝기반빅데이터분석기초','전공선택','',3),(10680,'SFM 사회조사방법론','전공선택','',3),(10681,'SFM 주방시설관리론','전공선택','',3),(10683,'SFM 외식서비스앱설계','전공선택','',3),(10684,'SFM 외식데이터분석','전공선택','',3),(10685,'SFM 스마트FM캡스톤디자인','전공선택','',3),(10686,'HTM 호스피탈리티스마트서비스','전공선택','',3),(10687,'HTM 데이터마이닝','전공선택','',3),(10688,'디지털모션스튜디오2','전공선택','',3),(10689,'고객만족경영론','전공선택','',3),(10691,'BA 데이타애널리틱스','전공필수','',3),(10692,'BA 데이터시각화','전공필수','',3),(10699,'BA 회계애널리틱스','전공선택','',3),(10704,'디지털필름메이킹1','전공필수','',3),(10705,'뉴미디어모션디자인1','전공선택','',3),(10715,'문화콘텐츠기획','전공필수','',3),(10716,'디지털필름메이킹2','전공필수','',3),(10717,'뉴미디어모션디자인2','전공선택','',3),(10719,'영상디자인스튜디오2','전공필수','',3),(10720,'3D제작기초2','전공선택','',3),(10722,'디지털애니메이션2','전공선택','',3),(10723,'3D제작고급2','전공선택','',3),(10725,'영상디자인종합설계워크샵2','전공선택','',3),(10726,'뉴미디어디자인콜라보레이션','전공선택','',3),(10727,'영상디자인스튜디오1','전공필수','',3),(10737,'박물관미술관경영학','전공선택','',3),(10738,'문화예술조직경영론','전공필수','',3),(10739,'문화예술교육론','전공필수','',3),(10740,'예술경매론','전공선택','',3),(10741,'축제기획론','전공선택','',3),(10743,'예술매체비평론','전공선택','',3),(10744,'문화소비론','전공선택','',3),(10746,'조향디자인','전공선택','',3),(10747,'아트앤컬쳐스터디투어','전공선택','',3),(10748,'럭셔리브랜드큐레이션','전공필수','',3),(10758,'세라믹·보석디자인이해','전공선택','',3),(10759,'코스메틱브랜드이해','전공선택','',3),(10760,'커뮤니케이션마켓믹스디자인','전공필수','',3),(10761,'가죽제품디자인2(중급)','전공선택','',3),(10762,'디자인CAD3','전공선택','',3),(10763,'아트앤디자인믹스','전공선택','',3),(10766,'럭셔리패션브랜드제품디자인','전공선택','',3),(10768,'럭셔리브랜드디자인포트폴리오','전공선택','',3),(10769,'디자인CAD1','전공필수','',3),(10776,'사운드디자인실무1','전공선택','',3),(10782,'퍼포밍아트1','전공필수','',3),(10783,'전공실기2(K-Pop Dance)','전공필수','',3),(10784,'트렌드댄스연구','전공선택','',3),(10786,'안무원리','전공필수','',3),(10787,'공연예술ICT콜라보레이션2','전공선택','',3),(10788,'사운드디자인실무2','전공선택','',3),(10792,'크리에이터마스터2','전공선택','',3),(10793,'오디션워크샵2','전공선택','',3),(10794,'퍼포밍아트2(작품분석과비평)','전공필수','',3),(10796,'K-POP댄스2','전공선택','',3),(10797,'융합적사고에기반한인문사회계글쓰기','교양선택(1영역)','융합과창업',3),(10798,'융합적사고에기반한이공계글쓰기','중핵필수선택','융합과창업',3),(10799,'세종인을위한합창','교양선택(2영역)','예술과생활',2),(10800,'라틴아메리카의언어와문화','교양선택(1영역)','세계와지구촌',3),(10801,'영화산업의이해','교양선택(1영역)','사회와문화',3),(10802,'한류문화의이해','교양선택(1영역)','세계와지구촌',3),(10806,'동아시아중세사','전공선택','',3),(10808,'대학의이해','전공선택','',3),(10809,'인공지능과학습','전공선택','',3),(10814,'기초경제수학','전공필수','',3),(10815,'경제실무영어','전공선택','',3),(10816,'도시지역경제학','전공선택','',3),(10824,'HTM 스마트/AI알고리즘','전공선택','',3),(10825,'HTM 스마트의사결정체계','전공선택','',3),(10826,'HTM 캡스톤디자인','전공선택','',3),(10837,'조리기초실습','전공선택','',3),(10839,'모던이스트퀴진실습','전공선택','',3),(10851,'사이버보안경영론','전공선택','',3),(10856,'호텔외식조리경영실무1','전공선택','',3),(10857,'호텔외식조리경영실무2','전공선택','',3),(10858,'호텔외식조리경영실무3','전공선택','',3),(10860,'호텔외식조리경영실무5','전공선택','',3),(10862,'호텔외식조리경영실무7','전공선택','',3),(10871,'식품학','전공선택','',3),(10878,'전산수학실습1','전공선택','',3),(10888,'식품위해미생물학및실험','전공선택','',3),(10892,'생명공학종합설계','전공선택','',3),(10919,'인공지능응용기계공학','전공선택','',3),(10920,'HTM 컴퓨터프로그래밍','전공선택','',3),(10921,'자율비행체시스템설계1','전공선택','',3),(10922,'자율비행체시스템설계2','전공선택','',3),(10927,'원자로공학','전공선택','',3),(10928,'원자력안전규제및법령','전공선택','',3),(10929,'원자로해석실무','전공선택','',3),(10930,'원자로동역학및보호계통','전공선택','',3),(10931,'원자력데이터사이언스','전공선택','',3),(10936,'해양체육','전공선택','',1),(10941,'패션디자인기초','전공선택','',3),(10942,'텍스타일캡스톤디자인','전공선택','',3),(10943,'고급패턴종합설계','전공선택','',3),(10944,'소재캡스톤디자인','전공필수','',3),(10945,'패션브랜드캡스톤디자인','전공선택','',3),(10946,'기초니트종합설계','전공선택','',3),(10947,'디지털패션종합설계','전공선택','',3),(10949,'기초악전및컴퓨터사보','전공선택','',3),(10951,'응용패턴종합설계','전공필수','',3),(10952,'기초종목실기','전공선택','',2),(10953,'구기스포츠','전공선택','',2),(10958,'스포츠재활','전공선택','',3),(10960,'체력육성실습','전공선택','',3),(10961,'뉴스포츠의이해','전공선택','',3),(10962,'창의적예술교육프로젝트','전공선택','',2),(10963,'통합예술교육콘텐츠기획','전공선택','',2),(10964,'무용작품비평및교육','전공선택','',2),(10965,'댄스리터러시와교수방법','전공선택','',2),(10970,'호흡과발성1','전공필수','',2),(10971,'호흡과발성2','전공필수','',2),(10972,'신체언어훈련1','전공선택','',2),(10973,'신체언어훈련2','전공선택','',2),(10977,'창업마케팅','전공선택','',3),(10978,'창업회계','전공선택','',3),(10979,'실전창업동아리1','전공선택','',3),(10980,'실전창업동아리2','전공선택','',3),(10981,'실전창업동아리3','전공선택','',3),(10982,'인공지능의이해','전공필수','',3),(10983,'CGI제작기초1','전공선택','',3),(10985,'융합캡스톤디자인1','전공선택','',3),(10987,'CGI제작기초2','전공선택','',3),(10990,'졸업프로젝트1','전공필수','',3),(10991,'문화공간기획론','전공선택','',3),(10992,'스토리텔링기획론','전공선택','',3),(10993,'문화산업의이해','전공필수','',3),(10994,'문화홍보기획론','전공필수','',3),(10998,'문화수용자연구','전공선택','',3),(11000,'문화재원기획운용론','전공필수','',3),(11001,'미술시장과경매','전공필수','',3),(11003,'문화매체비평론','전공선택','',3),(11006,'친환경디자인이해','전공선택','',3),(11007,'가죽제품설계','전공필수','',3),(11010,'럭셔리브랜드스튜디오','전공필수','',3),(11012,'세라믹앤쥬얼리디자인이해','전공선택','',3),(11013,'가방디자인이해','전공선택','',3),(11017,'공연기획과실제','전공필수','',3),(11018,'뉴미디어콜라보레이션1','전공선택','',3),(11019,'공연예술현장연구','전공선택','',3),(11023,'뉴미디어콜라보레이션2','전공선택','',3),(11031,'BA 데이터애널리틱스','전공선택','',3),(11032,'BA 웹스크레이핑빅데이터분석','전공선택','',3),(11033,'BA 빅데이터비즈니스모델','전공선택','',3),(11034,'BA 마케팅애널리틱스','전공선택','',3),(11046,'북극정책','전공필수','',3),(11057,'생물소재가공설계학','전공선택','',3),(11082,'향장식품소재공학','전공선택','',3),(11083,'창업금융론','전공필수','',3),(11087,'디지털모션스튜디오1','전공선택','',3),(11088,'이펙트디자인1','전공선택','',3),(11089,'디지털애니메이션디렉팅1','전공선택','',3),(11090,'디지털코믹스제작1','전공필수','',3),(11091,'비주얼디벨롭먼트','전공필수','',3),(11092,'영상캡스톤디자인','전공선택','',3),(11093,'골프','전공선택','',2),(11094,'운동과건강','전공선택','',3),(11095,'에듀테크콘텐츠개발','전공필수','',3),(11096,'에듀테크빅데이터의이해와분석','전공필수','',3),(11099,'문화예술교육개론','전공필수','',3),(11105,'과학기술커뮤니케이션','전공필수','',3),(11109,'북극거버넌스','전공필수','',3),(11110,'신입생세미나','교양필수','',1),(11111,'졸업작품','전공필수','',0),(11112,'파이썬기반빅데이터','전공선택','',3),(11113,'빅데이터로보는세상','전공선택','',3),(11114,'기술융합형콘텐츠스토리텔링워크샵2','전공선택','',3),(11115,'기술융합형콘텐츠실무제작2','전공선택','',3),(11116,'TPDM 디지털마케팅','전공선택','',3),(11117,'금융보험애널리틱스1','전공필수','',3),(11118,'공연예술의이해','전공필수','',3),(500191,'예술과생활','자유선택교양','예술과생활',3),(500214,'커뮤니케이션의이해','자유선택교양','사회와제도',3),(500261,'생활과법률','자유선택교양','사회와제도',3),(500397,'글로벌시대의화법과문화','자유선택교양','역사와문화',3),(500398,'지구촌문화의이해와테마여행','교양선택(2영역)','역사와문화',3),(500432,'영어권문화의이해','자유선택교양','지구촌의이해',3),(500695,'역사에담긴지식의즐거움','자유선택교양','역사와문화',3),(500698,'설득력있는프리젠테이션','자유선택교양','사회와제도',3),(500842,'여성과현대사회','자유선택교양','사회와제도',3),(500914,'행복학','자유선택교양','역사와문화',3),(500915,'헬스트레이닝','자유선택교양','예술과생활',3),(501225,'쉽고재미있는인체해부학','자유선택교양','생명과자연',3),(501226,'서비스매너','전공선택','',3),(501228,'소믈리에실무','전공선택','',3),(501229,'세계음식문화사','전공선택','',3),(501230,'레스토랑디자인','전공선택','',3),(501231,'커피학개론','전공선택','',3),(501238,'음악감상의이해','자유선택교양','예술과생활',3),(501240,'의료관광코디네이터론','자유선택교양','생명과자연',3),(501241,'음식과관광','자유선택교양','역사와문화',3),(501242,'메뉴디자인','전공선택','',3),(501243,'머천다이징','자유선택교양','',3),(501244,'축제속의술문화','전공선택','',3),(501245,'팝으로영어청취하기','자유선택교양','지구촌의이해',3),(501248,'한국어문법교육론','자유선택교양','역사와문화',3),(501249,'상담이론과실제','자유선택교양','사회와제도',3),(501251,'청소년상담','자유선택교양','사회와제도',3),(501252,'학교상담','자유선택교양','사회와제도',3),(501253,'영화및사진치료','자유선택교양','사회와제도',3),(501263,'부동산경매','자유선택교양','사회와제도',3),(501266,'사회적기업의이해와창업','교양선택(2영역)','사회와제도',3),(501269,'역사속현자들의리더십이야기','자유선택교양','인성과도덕',3),(501270,'인간행동의심리적이해','자유선택교양','사회와제도',3),(501271,'차문화와건강','자유선택교양','역사와문화',3),(501272,'한일문화와의만남','교양선택(2영역)','역사와문화',3),(501273,'예술기행세계의박물관','자유선택교양','예술과생활',3),(501274,'한글의세계화','교양선택(2영역)','역사와문화',3),(501275,'Reading in Business','자유선택교양','사회와제도',3),(501276,'Role Play English','자유선택교양','예술과생활',3),(501277,'TOEIC R/C','자유선택교양','사회와제도',3),(501278,'한국의현대문화','자유선택교양','역사와문화',3),(501279,'가족상담및치료','자유선택교양','사회와제도',3),(501280,'놀이치료','자유선택교양','사회와제도',3),(501281,'뇌과학과심리','자유선택교양','생명과 과학',3),(501282,'사이버중독심리','자유선택교양','인성과도덕',3),(501283,'인공지능과인터넷심리','자유선택교양','인성과도덕',3),(501284,'가족생활교육','자유선택교양','사회와제도',3),(501285,'가족복지','자유선택교양','사회와제도',3),(501286,'생활재테크','자유선택교양','사회와제도',3),(501287,'실전재테크','자유선택교양','사회와제도',3),(501288,'홍보학개론','자유선택교양','사회와제도',3),(501289,'가치투자입문','자유선택교양','사회와제도',3),(501290,'페스티벌이벤트경영론','전공선택','',3),(501291,'사물인터넷개론','자유선택교양','생명과자연',3),(501292,'클라우드시스템개론','자유선택교양','생명과자연',3),(501293,'애니메이션역사','자유선택교양','예술과생활',3),(501294,'공연제작과비즈니스','자유선택교양','예술과생활',3),(501295,'뮤직비즈니스개론','자유선택교양','예술과생활',3),(501296,'건강을지켜주는약초학','자유선택교양','생명과 과학',3),(501297,'생활속의법률이야기','교양선택(2영역)','사회와제도',3),(501298,'윤리학개론','자유선택교양','인성과도덕',3),(501299,'이미지메이킹과매너','자유선택교양','인성과도덕',3),(501300,'인간관계심리학','자유선택교양','인성과도덕',3),(501301,'커피아카데미','자유선택교양','역사와문화',3),(501302,'컴퓨터활용','자유선택교양','생명과 과학',3),(501303,'외식창업론','전공선택','',3),(501304,'초급영어통번역','자유선택교양','지구촌의이해',3),(501305,'영화로영어말하기','자유선택교양','지구촌의이해',3),(501306,'문학치료','자유선택교양','역사와문화',3),(501307,'컬러테라피','자유선택교양','예술과생활',3),(501308,'가족학','자유선택교양','역사와문화',3),(501309,'가족스트레스와대처','교양선택(2영역)','인성과도덕',3),(501310,'4차산업혁명의이해','자유선택교양','사회와제도',3),(501311,'기초회계','자유선택교양','사회와제도',3),(501312,'주류의세계','자유선택교양','지구촌의이해',3),(501313,'광고홍보전략','자유선택교양','사회와제도',3),(501314,'알기쉬운금융용어','자유선택교양','사회와제도',3),(501315,'인터넷을이용한주식거래','자유선택교양','사회와제도',3),(501316,'저는주식투자가처음인데요','자유선택교양','사회와제도',3),(501317,'조리학','전공선택','',3),(501318,'코딩기초','자유선택교양','생명과 과학',3),(501320,'동양의학(전통의학으로의여행)','교양선택(2영역)','생명과 과학',3),(501321,'이민정책론','자유선택교양','사회와제도',3),(501322,'혼자떠나는여행일본어','자유선택교양','지구촌의이해',3),(501323,'세계음식문화사산책','교양선택(2영역)','역사와문화',3),(501324,'영화의이해와감상','자유선택교양','예술과생활',3),(501325,'항공.크루즈산업','전공선택','',3),(501326,'관광자원상품기획','전공선택','',3),(501328,'알기쉬운코딩','교양선택(2영역)','생명과 과학',3),(501329,'페스티벌이벤트경영','전공선택','',3),(501330,'생활중국어','자유선택교양','지구촌의이해',3),(501331,'디지털게임의이해','자유선택교양','역사와문화',3),(501332,'나혼자영상만들기','교양선택(2영역)','예술과생활',3),(501337,'문화엔터테인먼트관광','전공선택','',3),(501338,'유튜브영상편집기초','교양선택(2영역)','',3),(501339,'보고즐기는미술산책','교양선택(2영역)','예술과생활',3),(600005,'UCC(디지털동영상)기획,제작,편집및활용','자유선택교양','생명과 과학',3),(600007,'그린IT의이해','교양선택(2영역)','생명과 과학',3),(600008,'문화기술과사회변동','자유선택교양','역사와문화',3),(600009,'문화콘텐츠마케팅전략의수립과집행','자유선택교양','사회와제도',2),(600010,'웰니스와삶의질','교양선택(2영역)','예술과생활',3),(600011,'글로벌시대의예술과가치','교양선택(2영역)','예술과생활',3),(600013,'고객관계관리전략','자유선택교양','사회와제도',3),(600014,'기업경영과비즈니스전략','자유선택교양','사회와제도',2),(600015,'생태친화적기업경영','교양선택(2영역)','사회와제도',3),(600016,'21세기기업의인재상','자유선택교양','인성과도덕',2),(600017,'색채심리와현대생활','자유선택교양','예술과생활',3),(600018,'문화콘텐츠스토리텔링전략','교양선택(2영역)','역사와문화',3),(600020,'음식과세계문화','교양선택(2영역)','역사와문화',3),(600021,'전략적의사결정과문제해결','자유선택교양','사회와제도',3),(600022,'성공하는문화콘텐츠소재개발전략','교양선택(2영역)','사회와제도',3),(600023,'상상과창조','자유선택교양','사회와제도',3),(600024,'나이의문화사','자유선택교양','인성과도덕',2),(600025,'감성정부론','자유선택교양','사회와제도',2),(600026,'정보사회학입문','자유선택교양','생명과 과학',3),(600028,'생활속의계약과협상','자유선택교양','사회와제도',3),(600029,'저작권과스마트폰의이해','자유선택교양','사회와제도',2),(600030,'문화행정론','자유선택교양','역사와문화',3),(600031,'철학과인간가치','교양선택(2영역)','인성과도덕',3),(600032,'채움과비움(나이듦의인문학적이해)','자유선택교양','역사와문화',2),(600033,'테크노경영학(스타트업종합설계)','자유선택교양','사회와제도',3),(600034,'모두의스타트업코딩','자유선택교양','생명과 과학',3),(600035,'화폐와금융의과거,현재,그리고미래','자유선택교양','사회와제도',3),(600036,'4차산업혁명:융합적분석과인문학의대안','교양선택(2영역)','',3),(600038,'테크노경영학-창업의한수','교양선택(2영역)','사회와제도',3),(600039,'미래소비사회와상품','교양선택(2영역)','사회와문화',2);
/*!40000 ALTER TABLE `all_lecture` ENABLE KEYS */;
UNLOCK TABLES;

--
-- Table structure for table `new_lecture`
--

DROP TABLE IF EXISTS `new_lecture`;
/*!40101 SET @saved_cs_client     = @@character_set_client */;
/*!50503 SET character_set_client = utf8mb4 */;
CREATE TABLE `new_lecture` (
  `subject_num` int NOT NULL,
  PRIMARY KEY (`subject_num`),
  CONSTRAINT `new_lecture_ibfk_1` FOREIGN KEY (`subject_num`) REFERENCES `all_lecture` (`subject_num`) ON DELETE CASCADE ON UPDATE CASCADE
) ENGINE=InnoDB DEFAULT CHARSET=utf8mb4 COLLATE=utf8mb4_0900_ai_ci;
/*!40101 SET character_set_client = @saved_cs_client */;

--
-- Dumping data for table `new_lecture`
--

LOCK TABLES `new_lecture` WRITE;
/*!40000 ALTER TABLE `new_lecture` DISABLE KEYS */;
INSERT INTO `new_lecture` VALUES (107),(137),(163),(182),(194),(200),(209),(264),(283),(285),(288),(304),(307),(309),(362),(398),(451),(464),(486),(520),(525),(588),(596),(619),(659),(703),(773),(806),(830),(834),(870),(922),(929),(1045),(1114),(1134),(1206),(1283),(1288),(1330),(1342),(1445),(1460),(1476),(1503),(1629),(1634),(1643),(1646),(1728),(1738),(1776),(1784),(1798),(1823),(1844),(1935),(1943),(1957),(2035),(2077),(2095),(2112),(2329),(2347),(2351),(2354),(2390),(2398),(2432),(2455),(2505),(2527),(2638),(2647),(2657),(2703),(2719),(2869),(2894),(2902),(2907),(2911),(2982),(2998),(3000),(3064),(3093),(3129),(3147),(3182),(3218),(3220),(3224),(3281),(3284),(3313),(3335),(3349),(3352),(3353),(3402),(3444),(3464),(3492),(3507),(3518),(3561),(3647),(3677),(3706),(3768),(3790),(3810),(3855),(3989),(3993),(4010),(4027),(4069),(4074),(4076),(4081),(4102),(4114),(4118),(4120),(4127),(4129),(4134),(4135),(4137),(4139),(4208),(4268),(4275),(4280),(4281),(4282),(4283),(4299),(4302),(4309),(4310),(4321),(4337),(4431),(4445),(4446),(4453),(4459),(4461),(4462),(4468),(4469),(4474),(4475),(4476),(4489),(4495),(4497),(4508),(4510),(4522),(4543),(4547),(4558),(4559),(4564),(4599),(4600),(4674),(4699),(4704),(4707),(4709),(4710),(4714),(4715),(4725),(4732),(4736),(4738),(4747),(4748),(4756),(4763),(4777),(4852),(4855),(4862),(4894),(4896),(4898),(5068),(5071),(5103),(5105),(5106),(5119),(5130),(5194),(5211),(5212),(5217),(5232),(5233),(5246),(5282),(5329),(5399),(5458),(5532),(5541),(5565),(5572),(5596),(5611),(5618),(5619),(5622),(5624),(5627),(5636),(5643),(5650),(5656),(5657),(5660),(5661),(5662),(5681),(5698),(5764),(5840),(5868),(5899),(5918),(5991),(6096),(6098),(6132),(6139),(6152),(6153),(6154),(6157),(6174),(6177),(6208),(6214),(6225),(6237),(6270),(6279),(6283),(6312),(6314),(6319),(6348),(6408),(6422),(6425),(6439),(6469),(6474),(6478),(6479),(6481),(6492),(6558),(6562),(6574),(6577),(6578),(6591),(6595),(6641),(6646),(6657),(6663),(6680),(6682),(6683),(6686),(6689),(6691),(6694),(6698),(6700),(6709),(6711),(6713),(6714),(6765),(6770),(6776),(6799),(6844),(6847),(6855),(6858),(6866),(6885),(6887),(6889),(6899),(6900),(6902),(6903),(6920),(6930),(6932),(6954),(6970),(7034),(7082),(7140),(7153),(7160),(7164),(7177),(7183),(7186),(7187),(7188),(7207),(7208),(7210),(7214),(7217),(7219),(7221),(7235),(7251),(7253),(7268),(7274),(7285),(7312),(7313),(7315),(7321),(7330),(7338),(7345),(7369),(7379),(7381),(7384),(7385),(7387),(7390),(7399),(7401),(7404),(7407),(7408),(7414),(7424),(7436),(7439),(7445),(7453),(7454),(7461),(7465),(7468),(7470),(7478),(7503),(7504),(7509),(7514),(7532),(7550),(7564),(7565),(7583),(7596),(7611),(7620),(7634),(7640),(7643),(7645),(7650),(7651),(7662),(7663),(7664),(7665),(7670),(7679),(7689),(7698),(7699),(7706),(7738),(7740),(7741),(7749),(7779),(7789),(7797),(7806),(7812),(7813),(7814),(7818),(7819),(7820),(7821),(7822),(7828),(7832),(7833),(7834),(7835),(7836),(7837),(7839),(7840),(7841),(7843),(7846),(7847),(7848),(7849),(7856),(7929),(7933),(7954),(7964),(7980),(8044),(8055),(8076),(8141),(8146),(8147),(8162),(8163),(8169),(8174),(8180),(8182),(8276),(8283),(8297),(8300),(8334),(8336),(8353),(8355),(8364),(8365),(8370),(8371),(8373),(8378),(8381),(8390),(8409),(8413),(8416),(8419),(8422),(8427),(8437),(8453),(8476),(8486),(8495),(8505),(8506),(8513),(8566),(8569),(8601),(8602),(8604),(8616),(8621),(8622),(8626),(8627),(8642),(8643),(8659),(8662),(8668),(8673),(8674),(8675),(8686),(8687),(8692),(8695),(8696),(8700),(8711),(8724),(8729),(8734),(8751),(8758),(8759),(8764),(8766),(8768),(8785),(8790),(8792),(8802),(8823),(8825),(8827),(8829),(8834),(8836),(8838),(8840),(8843),(8849),(8851),(8853),(8855),(8857),(8864),(8866),(8868),(8870),(8872),(8881),(8882),(8884),(8885),(8888),(8890),(8892),(8894),(8895),(8898),(8902),(8910),(8913),(8914),(8920),(8922),(8937),(8939),(8960),(8966),(8972),(8974),(8982),(8991),(9002),(9017),(9020),(9030),(9031),(9033),(9035),(9040),(9045),(9046),(9048),(9057),(9061),(9065),(9066),(9067),(9068),(9073),(9101),(9105),(9107),(9113),(9114),(9118),(9127),(9143),(9146),(9188),(9190),(9196),(9207),(9210),(9214),(9226),(9228),(9230),(9251),(9252),(9253),(9255),(9258),(9259),(9265),(9277),(9286),(9294),(9306),(9308),(9326),(9345),(9351),(9352),(9353),(9354),(9355),(9356),(9357),(9389),(9393),(9397),(9399),(9401),(9405),(9406),(9407),(9408),(9452),(9453),(9469),(9471),(9473),(9475),(9477),(9479),(9482),(9484),(9486),(9489),(9495),(9497),(9501),(9514),(9515),(9520),(9530),(9532),(9540),(9541),(9543),(9545),(9558),(9564),(9567),(9571),(9572),(9573),(9581),(9590),(9600),(9602),(9604),(9606),(9607),(9608),(9614),(9616),(9626),(9629),(9632),(9649),(9654),(9655),(9661),(9662),(9663),(9665),(9666),(9668),(9672),(9685),(9694),(9695),(9697),(9698),(9700),(9702),(9704),(9715),(9717),(9719),(9721),(9728),(9738),(9739),(9740),(9760),(9765),(9772),(9778),(9780),(9784),(9785),(9790),(9791),(9794),(9799),(9800),(9802),(9809),(9812),(9815),(9822),(9823),(9827),(9833),(9835),(9837),(9846),(9848),(9850),(9853),(9855),(9871),(9872),(9883),(9888),(9894),(9904),(9905),(9908),(9912),(9913),(9928),(9930),(9935),(9936),(9937),(9938),(9939),(9941),(9945),(9947),(9952),(9955),(9956),(9957),(9959),(9960),(9961),(9966),(9975),(9976),(9977),(9981),(9982),(9984),(9992),(10000),(10003),(10010),(10015),(10016),(10033),(10053),(10054),(10056),(10058),(10059),(10065),(10079),(10081),(10083),(10084),(10085),(10086),(10093),(10100),(10110),(10111),(10113),(10116),(10119),(10132),(10134),(10135),(10140),(10141),(10142),(10157),(10158),(10161),(10167),(10183),(10184),(10192),(10194),(10196),(10206),(10211),(10213),(10215),(10217),(10224),(10226),(10227),(10228),(10229),(10237),(10247),(10252),(10253),(10254),(10255),(10258),(10260),(10261),(10265),(10267),(10269),(10270),(10273),(10279),(10281),(10289),(10298),(10300),(10306),(10307),(10310),(10312),(10314),(10317),(10326),(10329),(10333),(10335),(10336),(10343),(10347),(10349),(10351),(10352),(10353),(10354),(10355),(10356),(10357),(10358),(10359),(10360),(10361),(10362),(10363),(10366),(10368),(10370),(10372),(10373),(10379),(10386),(10387),(10391),(10394),(10402),(10404),(10407),(10410),(10411),(10412),(10415),(10418),(10419),(10420),(10421),(10434),(10438),(10443),(10448),(10463),(10465),(10470),(10471),(10474),(10476),(10483),(10486),(10492),(10504),(10517),(10518),(10528),(10530),(10531),(10532),(10539),(10542),(10543),(10557),(10563),(10580),(10585),(10603),(10616),(10618),(10622),(10629),(10630),(10632),(10640),(10641),(10642),(10643),(10645),(10651),(10652),(10653),(10655),(10657),(10663),(10664),(10666),(10668),(10679),(10684),(10686),(10704),(10705),(10727),(10747),(10748),(10776),(10782),(10799),(10800),(10806),(10808),(10814),(10815),(10824),(10825),(10826),(10837),(10856),(10858),(10860),(10862),(10871),(10888),(10920),(10922),(10929),(10930),(10936),(10941),(10942),(10943),(10946),(10947),(10949),(10952),(10953),(10958),(10963),(10964),(10970),(10972),(10977),(10979),(10981),(10982),(10983),(10985),(10991),(10992),(10993),(10994),(10998),(11006),(11007),(11010),(11017),(11018),(11019),(11032),(11033),(11034),(11046),(11082),(11083),(11087),(11088),(11089),(11090),(11091),(11092),(11093),(11094),(11095),(500398),(501229),(501266),(501274),(501297),(501309),(501328),(501337),(501338),(600010),(600011),(600015),(600018),(600020),(600031),(600036);
/*!40000 ALTER TABLE `new_lecture` ENABLE KEYS */;
UNLOCK TABLES;

--
-- Table structure for table `standard`
--

DROP TABLE IF EXISTS `standard`;
/*!40101 SET @saved_cs_client     = @@character_set_client */;
/*!50503 SET character_set_client = utf8mb4 */;
CREATE TABLE `standard` (
  `user_year` int NOT NULL,
  `user_dep` varchar(50) NOT NULL,
  `sum_score` int NOT NULL,
  `major_essential` int NOT NULL,
  `major_selection` int NOT NULL,
  `core_essential` int NOT NULL,
  `core_selection` int NOT NULL,
  `basic` int NOT NULL,
  `ce_list` varchar(100) NOT NULL,
  `cs_list` varchar(100) NOT NULL,
  `b_list` varchar(100) NOT NULL,
  `sum_eng` int NOT NULL,
  `pro` int NOT NULL,
  `bsm` int NOT NULL,
  `build` int NOT NULL,
  `pro_acc_list` varchar(100) NOT NULL,
  `bsm_ess_list` varchar(100) NOT NULL,
  `bsm_sel_list` varchar(100) NOT NULL,
  `build_ess_list` varchar(100) NOT NULL,
  `build_sel_list` varchar(100) NOT NULL,
  PRIMARY KEY (`user_year`,`user_dep`)
) ENGINE=InnoDB DEFAULT CHARSET=utf8mb4 COLLATE=utf8mb4_0900_ai_ci;
/*!40101 SET character_set_client = @saved_cs_client */;

--
-- Dumping data for table `standard`
--

LOCK TABLES `standard` WRITE;
/*!40000 ALTER TABLE `standard` DISABLE KEYS */;
INSERT INTO `standard` VALUES (16,'디지털콘텐츠',130,37,35,15,15,15,'8360,8364,9030,9063,9064,9065,9066,9067,9068','6279,9489,9790,9936','304,2647,3353,8377,7325',92,14,18,60,'0','0','0','0','0'),(17,'소프트웨어',140,40,42,15,15,12,'10352,10353,10354,10355,9067,8364,9068,10351,9030','9489,9790,9936','8377,7325,304,3353',92,0,0,0,'0','0','0','0','0'),(18,'소프트웨어',140,40,42,15,21,9,'10352,10354,10355,9067,8364,9068,10351,9030','9489,9790,9936','6098,304,3353',0,0,0,0,'0','0','0','0','0'),(19,'소프트웨어',140,40,42,14,21,9,'10352,10354,9067,8364,9068,10351,9045,9030','9489,9790,9936','6098,304,3353',0,0,0,0,'0','0','0','0','0'),(20,'소프트웨어',140,40,42,15,21,9,'10352,10354,9067,8364,9068,10351,9045,9030','9489,9790,9936','6098,304,3353',0,0,0,0,'0','0','0','0','0');
/*!40000 ALTER TABLE `standard` ENABLE KEYS */;
UNLOCK TABLES;

--
-- Table structure for table `subject_group`
--

DROP TABLE IF EXISTS `subject_group`;
/*!40101 SET @saved_cs_client     = @@character_set_client */;
/*!50503 SET character_set_client = utf8mb4 */;
CREATE TABLE `subject_group` (
  `subject_num` int NOT NULL,
  `group_num` int NOT NULL,
  PRIMARY KEY (`subject_num`),
  CONSTRAINT `subject_group_ibfk_1` FOREIGN KEY (`subject_num`) REFERENCES `all_lecture` (`subject_num`) ON UPDATE CASCADE
) ENGINE=InnoDB DEFAULT CHARSET=utf8mb4 COLLATE=utf8mb4_0900_ai_ci;
/*!40101 SET character_set_client = @saved_cs_client */;

--
-- Dumping data for table `subject_group`
--

LOCK TABLES `subject_group` WRITE;
/*!40000 ALTER TABLE `subject_group` DISABLE KEYS */;
INSERT INTO `subject_group` VALUES (6098,2080),(7325,2080),(9063,9445),(9064,9446),(10352,9445),(10353,9446);
/*!40000 ALTER TABLE `subject_group` ENABLE KEYS */;
UNLOCK TABLES;

--
-- Table structure for table `test_table`
--

DROP TABLE IF EXISTS `test_table`;
/*!40101 SET @saved_cs_client     = @@character_set_client */;
/*!50503 SET character_set_client = utf8mb4 */;
CREATE TABLE `test_table` (
  `num` int NOT NULL,
  `text` varchar(45) NOT NULL,
  PRIMARY KEY (`num`)
) ENGINE=InnoDB DEFAULT CHARSET=utf8mb4 COLLATE=utf8mb4_0900_ai_ci;
/*!40101 SET character_set_client = @saved_cs_client */;

--
-- Dumping data for table `test_table`
--

LOCK TABLES `test_table` WRITE;
/*!40000 ALTER TABLE `test_table` DISABLE KEYS */;
INSERT INTO `test_table` VALUES (1,'a'),(2,'b'),(3,'c');
/*!40000 ALTER TABLE `test_table` ENABLE KEYS */;
UNLOCK TABLES;
/*!40103 SET TIME_ZONE=@OLD_TIME_ZONE */;

/*!40101 SET SQL_MODE=@OLD_SQL_MODE */;
/*!40014 SET FOREIGN_KEY_CHECKS=@OLD_FOREIGN_KEY_CHECKS */;
/*!40014 SET UNIQUE_CHECKS=@OLD_UNIQUE_CHECKS */;
/*!40101 SET CHARACTER_SET_CLIENT=@OLD_CHARACTER_SET_CLIENT */;
/*!40101 SET CHARACTER_SET_RESULTS=@OLD_CHARACTER_SET_RESULTS */;
/*!40101 SET COLLATION_CONNECTION=@OLD_COLLATION_CONNECTION */;
/*!40111 SET SQL_NOTES=@OLD_SQL_NOTES */;

-- Dump completed on 2021-01-06 18:33:24
